GDPR Sensitive;Action;ActionFr;Criticity of Capacity;Capacity;Applications;Actor;Entities;Service;Business Criticity;Activity
No;Refresh Token;Rafraîchir le token;Critical;Access-Account-67d66a0d710d4246affbd2e71a832ef5;Admin-App-45413f4fa44645aa88e4681b0ece1425;User-5770846e6a374d5e8853386aa7db9e58;User-bf889e3166d74034baf629bfcc86f6f6;Authentification-226960ba42ea4fd4915040eb3a534962;;80d3cceaf60c491c9380cc07f63b99a8
No;Send Notification to Applicant to inform of upcoming visit cancelled (other Applicant chosen);Envoyer une notification au candidat pour l'informer de l'annulation de la visite à venir (autre candidat choisi);Critical;Manage-Visits-ed81ab4cab0b4251afa332531aaec3db;Agency-App-9d35b96d2bc140f8be04d78bf249c573;System-e0b952212bc04e8f916b85e089411309;Booking-3f5ab6da13eb42d192d5add126bb0e92;Notification-2fabb137ea274d989be3ae03fdf5f1b2;;80d3cceaf60c491c9380cc07f63b99a8
No;FG Login;FG Login;Critical;Access-FlatGuide-Account-520e49d563d843d8ae3528173e228a5c;FlatGuide-App-c90e959f40264e73b351781212bcc703;Flat-Guide-d466759d44bf4efe995c7eeb0f3a29ca;User-bf889e3166d74034baf629bfcc86f6f6;Authentification-226960ba42ea4fd4915040eb3a534962;;06d960d8394a4c2a84832d0c97ea07f5
No;Login;Connexion;Critical;Access-Account-67d66a0d710d4246affbd2e71a832ef5;Website-6e090281586f4d628bf6178455f558a2;Agency-Collaborator-1f0f9050687a4c69b82c2ad25bea34e6;User-bf889e3166d74034baf629bfcc86f6f6;Authentification-226960ba42ea4fd4915040eb3a534962;;80d3cceaf60c491c9380cc07f63b99a8
No;Ops Login;Connexion Ops;Critical;Access-Account-67d66a0d710d4246affbd2e71a832ef5;Admin-App-45413f4fa44645aa88e4681b0ece1425;Ops-Staff-1c01b58121fd4b23901c1a4bfa539ffe;User-bf889e3166d74034baf629bfcc86f6f6;Authentification-226960ba42ea4fd4915040eb3a534962;;80d3cceaf60c491c9380cc07f63b99a8
No;CSM Login;Connexion CSM;Critical;Access-Account-67d66a0d710d4246affbd2e71a832ef5;Admin-App-45413f4fa44645aa88e4681b0ece1425;CSM-Staff-9b04a1191a2e47a6bb0e00e76275e136;User-bf889e3166d74034baf629bfcc86f6f6;Authentification-226960ba42ea4fd4915040eb3a534962;;80d3cceaf60c491c9380cc07f63b99a8
No;C-Level Login;Connexion C-Level;Critical;Access-Account-67d66a0d710d4246affbd2e71a832ef5;Admin-App-45413f4fa44645aa88e4681b0ece1425;C-Level-2cd428e9ee88421d9582aa74ce7bd7e8;User-bf889e3166d74034baf629bfcc86f6f6;Authentification-226960ba42ea4fd4915040eb3a534962;;80d3cceaf60c491c9380cc07f63b99a8
No;Marketing Login;Connexion Marketing;Critical;Access-Account-67d66a0d710d4246affbd2e71a832ef5;Admin-App-45413f4fa44645aa88e4681b0ece1425;Marketing-Staff-d75e47f013e74408bd16d448834c6c94;User-bf889e3166d74034baf629bfcc86f6f6;Authentification-226960ba42ea4fd4915040eb3a534962;;80d3cceaf60c491c9380cc07f63b99a8
No;Sales Login;Connexion Sales;Critical;Access-Account-67d66a0d710d4246affbd2e71a832ef5;Admin-App-45413f4fa44645aa88e4681b0ece1425;Sales-Staff-cea12272506b498da5c145d4dd10cb0a;User-bf889e3166d74034baf629bfcc86f6f6;Authentification-226960ba42ea4fd4915040eb3a534962;;80d3cceaf60c491c9380cc07f63b99a8
No;(logged as) Check Chats messages between FG andAgency ;(logged as) Vérifier les messages Chats entre FG et Agence ;Critical;Communicate-FlatGuide-3a7d672c46664690a579b7917ec6c5c2;FlatGuide-Web-App-7769d03bbcf84da4b6de20510a0ef5af;Ops-Staff-1c01b58121fd4b23901c1a4bfa539ffe;;;;06d960d8394a4c2a84832d0c97ea07f5
No;(logged as) View reports and check quality;(logged as) Voir les rapports et vérifier la qualité;Critical;Manage-FlatGuide-Visits-18c3ee43a79b4145a31ccde6a1668ddc;FlatGuide-Web-App-7769d03bbcf84da4b6de20510a0ef5af;Ops-Staff-1c01b58121fd4b23901c1a4bfa539ffe;;;;06d960d8394a4c2a84832d0c97ea07f5
No;Accept Booking;Accepter les visties;Critical;Manage-FlatGuide-Visits-18c3ee43a79b4145a31ccde6a1668ddc;FlatGuide-App-c90e959f40264e73b351781212bcc703;Flat-Guide-d466759d44bf4efe995c7eeb0f3a29ca;Booking-3f5ab6da13eb42d192d5add126bb0e92;;;06d960d8394a4c2a84832d0c97ea07f5
No;Accept Staffing;Accepter le staffing;Critical;Manage-FlatGuide-Staffing-401b4b05092e40b5a393b6391cdf2887;FlatGuide-App-c90e959f40264e73b351781212bcc703;Flat-Guide-d466759d44bf4efe995c7eeb0f3a29ca;Staffing-9645263e62a140c1b494841f745b44a9;;;06d960d8394a4c2a84832d0c97ea07f5
No;Ask for a Forced Booking;Demander une vistie forcée;Critical;Manage-FlatGuide-Visits-18c3ee43a79b4145a31ccde6a1668ddc;FlatGuide-App-c90e959f40264e73b351781212bcc703;Flat-Guide-d466759d44bf4efe995c7eeb0f3a29ca;;;;06d960d8394a4c2a84832d0c97ea07f5
No;Automatic Scheduled reminder for Keys return;Rappel automatique programmé pour le retour des clés;Critical;Manage-FlatGuide-Visits-18c3ee43a79b4145a31ccde6a1668ddc;Intercom-9479272b733c417a9158c324706e5610;Ops-Staff-1c01b58121fd4b23901c1a4bfa539ffe;;;;06d960d8394a4c2a84832d0c97ea07f5
No;Call Flatsy;Appeler Flatsy;Critical;Communicate-FlatGuide-3a7d672c46664690a579b7917ec6c5c2;FlatGuide-App-c90e959f40264e73b351781212bcc703;Flat-Guide-d466759d44bf4efe995c7eeb0f3a29ca;;;;06d960d8394a4c2a84832d0c97ea07f5
No;Cancel a no show booking and pay FG;Annuler une vistie qui ne s'est pas présentée et payer FG;Critical;Manage-FlatGuide-Visits-18c3ee43a79b4145a31ccde6a1668ddc;Admin-App-45413f4fa44645aa88e4681b0ece1425;Ops-Staff-1c01b58121fd4b23901c1a4bfa539ffe;;;;06d960d8394a4c2a84832d0c97ea07f5
No;Cancel a scheduled booking;Annuler une vistie programmée;Critical;Manage-FlatGuide-Visits-18c3ee43a79b4145a31ccde6a1668ddc;Admin-App-45413f4fa44645aa88e4681b0ece1425;Ops-Staff-1c01b58121fd4b23901c1a4bfa539ffe;;;;06d960d8394a4c2a84832d0c97ea07f5
No;Chat with Agency;Chat avec l'agence;Critical;Communicate-FlatGuide-3a7d672c46664690a579b7917ec6c5c2;FlatGuide-App-c90e959f40264e73b351781212bcc703;Flat-Guide-d466759d44bf4efe995c7eeb0f3a29ca;Message-0edd68283b7a4c60ba19148390e259f2;;;06d960d8394a4c2a84832d0c97ea07f5
No;Chat with FG;Chat avec FG;Critical;Communicate-FlatGuide-3a7d672c46664690a579b7917ec6c5c2;Intercom-9479272b733c417a9158c324706e5610;Ops-Staff-1c01b58121fd4b23901c1a4bfa539ffe;;;;06d960d8394a4c2a84832d0c97ea07f5
No;Chat with FG Customer;Chat avec le client FG;Critical;Communicate-498b7348f78448b0ba3e05b7c365e0b2;Intercom-9479272b733c417a9158c324706e5610;Ops-Staff-1c01b58121fd4b23901c1a4bfa539ffe;;;;80d3cceaf60c491c9380cc07f63b99a8
No;Chat with FlatGuide;Chat avec FlatGuide;Critical;Communicate-498b7348f78448b0ba3e05b7c365e0b2;Agency-App-9d35b96d2bc140f8be04d78bf249c573;Agency-Collaborator-1f0f9050687a4c69b82c2ad25bea34e6;Message-0edd68283b7a4c60ba19148390e259f2;;;80d3cceaf60c491c9380cc07f63b99a8
No;Chat with FlatGuide;Chat avec FlatGuide;Critical;Communicate-FlatGuide-3a7d672c46664690a579b7917ec6c5c2;Intercom-9479272b733c417a9158c324706e5610;Ops-Staff-1c01b58121fd4b23901c1a4bfa539ffe;Message-0edd68283b7a4c60ba19148390e259f2;;;06d960d8394a4c2a84832d0c97ea07f5
No;Chat with Flatsy;Chat avec Flatsy;Critical;Communicate-FlatGuide-3a7d672c46664690a579b7917ec6c5c2;FlatGuide-App-c90e959f40264e73b351781212bcc703;Flat-Guide-d466759d44bf4efe995c7eeb0f3a29ca;Message-0edd68283b7a4c60ba19148390e259f2;;;06d960d8394a4c2a84832d0c97ea07f5
No;Communicate with CSM Staff;Communiquer avec un membre de l'équipe CSM;Critical;Communicate-498b7348f78448b0ba3e05b7c365e0b2;HubSpot-f18a017f3dfa4c028aeed2bd268177a5;Ops-Staff-1c01b58121fd4b23901c1a4bfa539ffe;;;;80d3cceaf60c491c9380cc07f63b99a8
Yes;Create Application;Créer une candidature;Critical;Manage-Applications-c7e8d19c87314eae88ac760916eef991, Manage-SaaS-Applications-c3a9488441eb4dbaab6be5e04342f4a0;Applicant-App-4034543ba8b3418abe7071688eadd6ed;Applicant-b3fc61ee3d294c8a983a7cce5a5ede16;Application-4a6ff18cc4cc42bb8e4ab95157233487;;;80d3cceaf60c491c9380cc07f63b99a8,a37139b96ea448588075ceccf988a2c9
Yes;Create Application;Créer une candidature;Critical;Manage-SaaS-Applications-c3a9488441eb4dbaab6be5e04342f4a0;Applicant-Saas-App-4034543ba8b3418abe7071688eadd9e1;Applicant-b3fc61ee3d294c8a983a7cce5a5ede16;Application-4a6ff18cc4cc42bb8e4ab95157233487;;;80d3cceaf60c491c9380cc07f63b99a8,a37139b96ea448588075ceccf988a2c9
No;Define Booking availabilities for a Property;Définir les disponibilités de visites pour un bien;Critical;Manage-SaaS-Visits-47be559e69304dd0aabf616c2123ac55;Agency-SaaS-ec0b97dca3ae4d2c86e9d96b16a2c9e1;Agency-Collaborator-1f0f9050687a4c69b82c2ad25bea34e6;Booking-3f5ab6da13eb42d192d5add126bb0e92;;;a37139b96ea448588075ceccf988a2c9,80d3cceaf60c491c9380cc07f63b99a8
No;Define Booking availabilities for a Property;Définir les disponibilités de visites pour un bien;Critical;Manage-Visits-ed81ab4cab0b4251afa332531aaec3db;Agency-App-9d35b96d2bc140f8be04d78bf249c573;Agency-Collaborator-1f0f9050687a4c69b82c2ad25bea34e6;Booking-3f5ab6da13eb42d192d5add126bb0e92;;;a37139b96ea448588075ceccf988a2c9,80d3cceaf60c491c9380cc07f63b99a8
No;Define Fee /package for specific Property;Définir les frais / forfaits pour un bien spécifique;Critical;Manage-FlatGuide-Staffing-401b4b05092e40b5a393b6391cdf2887;Admin-App-45413f4fa44645aa88e4681b0ece1425;Ops-Staff-1c01b58121fd4b23901c1a4bfa539ffe;;;;06d960d8394a4c2a84832d0c97ea07f5
No;Define Staffing Recommendation / Note for Ops;Définir la recommandation de recrutement / la note pour les Ops;Critical;Manage-FlatGuide-Staffing-401b4b05092e40b5a393b6391cdf2887;Admin-App-45413f4fa44645aa88e4681b0ece1425;CSM-Staff-9b04a1191a2e47a6bb0e00e76275e136;Customer-893f3f582d434a19a7f602b1ea65b4d1;;;06d960d8394a4c2a84832d0c97ea07f5
No;Edit a Key status and provide a note;Modifier un statut clé et fournir une note;Critical;Manage-FlatGuide-Staffing-401b4b05092e40b5a393b6391cdf2887;Admin-App-45413f4fa44645aa88e4681b0ece1425;Ops-Staff-1c01b58121fd4b23901c1a4bfa539ffe;;;;06d960d8394a4c2a84832d0c97ea07f5
No;Enter Applicant Code;Saisir le code du candidat;Critical;Manage-FlatGuide-Visits-18c3ee43a79b4145a31ccde6a1668ddc;FlatGuide-App-c90e959f40264e73b351781212bcc703;Flat-Guide-d466759d44bf4efe995c7eeb0f3a29ca;Booking-3f5ab6da13eb42d192d5add126bb0e92;;;06d960d8394a4c2a84832d0c97ea07f5
No;Fast Staff a Property to a FG;Affectation rapide d'un bien à un FG;Critical;Manage-FlatGuide-Staffing-401b4b05092e40b5a393b6391cdf2887;Admin-App-45413f4fa44645aa88e4681b0ece1425;Ops-Staff-1c01b58121fd4b23901c1a4bfa539ffe;Staffing-9645263e62a140c1b494841f745b44a9;;;06d960d8394a4c2a84832d0c97ea07f5
No;Fast Staff multiple Properties at same address to an FG;Affectation rapide de plusieurs biens à la même adresse à un FG;Critical;Manage-FlatGuide-Staffing-401b4b05092e40b5a393b6391cdf2887;Admin-App-45413f4fa44645aa88e4681b0ece1425;Ops-Staff-1c01b58121fd4b23901c1a4bfa539ffe;Staffing-9645263e62a140c1b494841f745b44a9;;;06d960d8394a4c2a84832d0c97ea07f5
No;List all FG Notifications;Lister toutes les notifications FG;Critical;Communicate-FlatGuide-3a7d672c46664690a579b7917ec6c5c2;FlatGuide-App-c90e959f40264e73b351781212bcc703;Flat-Guide-d466759d44bf4efe995c7eeb0f3a29ca;Notification-76df309b876a41379117b1f116f84514;;;06d960d8394a4c2a84832d0c97ea07f5
No;List all properties for staffing;Lister tous les biens pour le staffing;Critical;Manage-FlatGuide-Staffing-401b4b05092e40b5a393b6391cdf2887;Admin-App-45413f4fa44645aa88e4681b0ece1425;Ops-Staff-1c01b58121fd4b23901c1a4bfa539ffe;;;;06d960d8394a4c2a84832d0c97ea07f5
No;List all Properties without availabilities;Lister tous les biens sans disponibilités;Critical;Manage-Property-2798a6bbd15c45f0af4360bf457b9451;Admin-App-45413f4fa44645aa88e4681b0ece1425;Ops-Staff-1c01b58121fd4b23901c1a4bfa539ffe;;;;80d3cceaf60c491c9380cc07f63b99a8
No;List All Staffings;Liste de toutes les affectations;Critical;Manage-FlatGuide-Staffing-401b4b05092e40b5a393b6391cdf2887;FlatGuide-App-c90e959f40264e73b351781212bcc703;Flat-Guide-d466759d44bf4efe995c7eeb0f3a29ca;Staffing-9645263e62a140c1b494841f745b44a9;;;06d960d8394a4c2a84832d0c97ea07f5
No;List all Upcoming / Past Bookings;Liste de toutes les visties à venir / passées;Critical;Manage-FlatGuide-Visits-18c3ee43a79b4145a31ccde6a1668ddc;FlatGuide-App-c90e959f40264e73b351781212bcc703;Flat-Guide-d466759d44bf4efe995c7eeb0f3a29ca;Staffing-9645263e62a140c1b494841f745b44a9;;;06d960d8394a4c2a84832d0c97ea07f5
No;List all visits cancelled by FG;Liste de toutes les visites annulées par FG;Critical;Manage-FlatGuide-Visits-18c3ee43a79b4145a31ccde6a1668ddc;Admin-App-45413f4fa44645aa88e4681b0ece1425;Ops-Staff-1c01b58121fd4b23901c1a4bfa539ffe;;;;06d960d8394a4c2a84832d0c97ea07f5
No;Manage Third Party Application Document Gathering;Gestion de la collecte des documents des applications tierces;Critical;Manage-Property-2798a6bbd15c45f0af4360bf457b9451;Admin-App-45413f4fa44645aa88e4681b0ece1425;CSM-Staff-9b04a1191a2e47a6bb0e00e76275e136;Property-4fb0aa4c6b594276818e3ae3e1e1cf26;;;80d3cceaf60c491c9380cc07f63b99a8
No;Pause Visits automatically when Package number is reached;Pause automatique des visites lorsque le nombre de colis est atteint;Critical;Manage-FlatGuide-Visits-18c3ee43a79b4145a31ccde6a1668ddc;System-a442820512ae45018533137327ea246b;System-e0b952212bc04e8f916b85e089411309;;;;06d960d8394a4c2a84832d0c97ea07f5
No;Propose a Property to a FG;Proposer un bien à un FG;Critical;Manage-FlatGuide-Staffing-401b4b05092e40b5a393b6391cdf2887;Admin-App-45413f4fa44645aa88e4681b0ece1425;Ops-Staff-1c01b58121fd4b23901c1a4bfa539ffe;;;;06d960d8394a4c2a84832d0c97ea07f5
No;Propose Staffing to a FG outside the zone;Proposer un staffing à un FG hors zone;Critical;Manage-FlatGuide-Staffing-401b4b05092e40b5a393b6391cdf2887;Admin-App-45413f4fa44645aa88e4681b0ece1425;Ops-Staff-1c01b58121fd4b23901c1a4bfa539ffe;;;;06d960d8394a4c2a84832d0c97ea07f5
No;Refuse Booking;Refuser une vistie;Critical;Manage-FlatGuide-Visits-18c3ee43a79b4145a31ccde6a1668ddc;FlatGuide-App-c90e959f40264e73b351781212bcc703;Flat-Guide-d466759d44bf4efe995c7eeb0f3a29ca;Booking-3f5ab6da13eb42d192d5add126bb0e92;;;06d960d8394a4c2a84832d0c97ea07f5
No;Refuse Staffing;Refuser un staffing;Critical;Manage-FlatGuide-Staffing-401b4b05092e40b5a393b6391cdf2887;FlatGuide-App-c90e959f40264e73b351781212bcc703;Flat-Guide-d466759d44bf4efe995c7eeb0f3a29ca;Staffing-9645263e62a140c1b494841f745b44a9;;;06d960d8394a4c2a84832d0c97ea07f5
No;Reinit Forgotten Password;Réinitialiser le mot de passe oublié;Critical;Access-FlatGuide-Account-520e49d563d843d8ae3528173e228a5c;FlatGuide-App-c90e959f40264e73b351781212bcc703;Flat-Guide-d466759d44bf4efe995c7eeb0f3a29ca;;;;06d960d8394a4c2a84832d0c97ea07f5
No;Report a No Show Booking;Signaler une vistie non présentée;Critical;Manage-FlatGuide-Visits-18c3ee43a79b4145a31ccde6a1668ddc;FlatGuide-App-c90e959f40264e73b351781212bcc703;Flat-Guide-d466759d44bf4efe995c7eeb0f3a29ca;;;;06d960d8394a4c2a84832d0c97ea07f5
No;Reset Password;Réinitialiser le mot de passe;Critical;Access-FlatGuide-Account-520e49d563d843d8ae3528173e228a5c;FlatGuide-App-c90e959f40264e73b351781212bcc703;;;;;06d960d8394a4c2a84832d0c97ea07f5
No;Restaff (temporarily) Property to another FG (single or bulk);Réaffecter (temporairement) un bien à un autre FG (individuellement ou en bloc);Critical;Manage-FlatGuide-Staffing-401b4b05092e40b5a393b6391cdf2887;Admin-App-45413f4fa44645aa88e4681b0ece1425;Ops-Staff-1c01b58121fd4b23901c1a4bfa539ffe;;;;06d960d8394a4c2a84832d0c97ea07f5
No;Retrieve Property Keys;Récupérer les clés de propriété;Critical;Manage-FlatGuide-Staffing-401b4b05092e40b5a393b6391cdf2887;FlatGuide-App-c90e959f40264e73b351781212bcc703;Flat-Guide-d466759d44bf4efe995c7eeb0f3a29ca;Staffing-9645263e62a140c1b494841f745b44a9;;;06d960d8394a4c2a84832d0c97ea07f5
No;Return Property Keys;Retourner les clés de propriété;Critical;Manage-FlatGuide-Staffing-401b4b05092e40b5a393b6391cdf2887;FlatGuide-App-c90e959f40264e73b351781212bcc703;Flat-Guide-d466759d44bf4efe995c7eeb0f3a29ca;Staffing-9645263e62a140c1b494841f745b44a9;;;06d960d8394a4c2a84832d0c97ea07f5
No;Search Staffings;Recherche de staffings;Critical;Manage-FlatGuide-Staffing-401b4b05092e40b5a393b6391cdf2887;FlatGuide-App-c90e959f40264e73b351781212bcc703;Flat-Guide-d466759d44bf4efe995c7eeb0f3a29ca;Staffing-9645263e62a140c1b494841f745b44a9;;;06d960d8394a4c2a84832d0c97ea07f5
No;Send Grouped Notification or Message;Envoyer une notification ou un message groupé;Critical;Communicate-FlatGuide-3a7d672c46664690a579b7917ec6c5c2;Intercom-9479272b733c417a9158c324706e5610;Ops-Staff-1c01b58121fd4b23901c1a4bfa539ffe;;;;06d960d8394a4c2a84832d0c97ea07f5
No;Set up Custom Product Pricing for a Property;Configurer la tarification personnalisée d'un produit pour un bien;Critical;Manage-Property-2798a6bbd15c45f0af4360bf457b9451;Admin-App-45413f4fa44645aa88e4681b0ece1425;CSM-Staff-9b04a1191a2e47a6bb0e00e76275e136;;;;80d3cceaf60c491c9380cc07f63b99a8
No;View close FG available for staffing a Property;Afficher les FG proches disponibles pour le staffing d'un bien;Critical;Manage-FlatGuide-Staffing-401b4b05092e40b5a393b6391cdf2887;Admin-App-45413f4fa44645aa88e4681b0ece1425;Ops-Staff-1c01b58121fd4b23901c1a4bfa539ffe;;;;06d960d8394a4c2a84832d0c97ea07f5
No;View FG and Properties locations on a Map;Voir les emplacements de FG et des propriétés sur une carte;Critical;Manage-FlatGuide-Staffing-401b4b05092e40b5a393b6391cdf2887;Admin-App-45413f4fa44645aa88e4681b0ece1425;Ops-Staff-1c01b58121fd4b23901c1a4bfa539ffe;;;;06d960d8394a4c2a84832d0c97ea07f5
No;View FG Calendar and Availablitles;Afficher le calendrier et les disponibilités de FG;Critical;Manage-FlatGuide-Visits-18c3ee43a79b4145a31ccde6a1668ddc;Admin-App-45413f4fa44645aa88e4681b0ece1425;Ops-Staff-1c01b58121fd4b23901c1a4bfa539ffe;;;;06d960d8394a4c2a84832d0c97ea07f5
No;View FG fee and package per Property;Afficher les frais et les forfaits FG par propriété;Critical;Manage-FlatGuide-Staffing-401b4b05092e40b5a393b6391cdf2887;Admin-App-45413f4fa44645aa88e4681b0ece1425;Ops-Staff-1c01b58121fd4b23901c1a4bfa539ffe;;;;06d960d8394a4c2a84832d0c97ea07f5
No;View itinerary for FG for a Property;Voir l'itinéraire de FG pour un bien;Critical;Manage-FlatGuide-Visits-18c3ee43a79b4145a31ccde6a1668ddc;Admin-App-45413f4fa44645aa88e4681b0ece1425;Ops-Staff-1c01b58121fd4b23901c1a4bfa539ffe;;;;06d960d8394a4c2a84832d0c97ea07f5
No;Write Visit Report;Rédiger un rapport de visite;Critical;Manage-FlatGuide-Visits-18c3ee43a79b4145a31ccde6a1668ddc;FlatGuide-App-c90e959f40264e73b351781212bcc703;Flat-Guide-d466759d44bf4efe995c7eeb0f3a29ca;;;;06d960d8394a4c2a84832d0c97ea07f5
No;Send Notification with Visit Validation Code to Applicant (H-2);Envoyer une notification avec le code de validation de la visite au candidat (H-2);Critical;Manage-Visits-ed81ab4cab0b4251afa332531aaec3db;System-a442820512ae45018533137327ea246b;System-e0b952212bc04e8f916b85e089411309;Booking-3f5ab6da13eb42d192d5add126bb0e92;;;80d3cceaf60c491c9380cc07f63b99a8
No;Provide Visit Validation Code to FG;Fournir le code de validation de la visite à FG;Critical;Manage-FlatGuide-Visits-18c3ee43a79b4145a31ccde6a1668ddc;Intercom-9479272b733c417a9158c324706e5610;Ops-Staff-1c01b58121fd4b23901c1a4bfa539ffe;Booking-3f5ab6da13eb42d192d5add126bb0e92;;;06d960d8394a4c2a84832d0c97ea07f5
No;Send Email Notification to Applicant to inform of upcoming visit cancelled (other Applicant chosen);Envoyer une notification par e-mail au candidat pour l'informer de l'annulation de la visite à venir (autre candidat choisi);High;Manage-SaaS-Visits-47be559e69304dd0aabf616c2123ac55;Agency-SaaS-ec0b97dca3ae4d2c86e9d96b16a2c9e1;System-e0b952212bc04e8f916b85e089411309;Booking-3f5ab6da13eb42d192d5add126bb0e92;Notification-2fabb137ea274d989be3ae03fdf5f1b2;;a37139b96ea448588075ceccf988a2c9
No;(logged as) Force Availabilities to FG;(logged as) Forcer les disponibilités à FG;High;Manage-FlatGuide-Availabilities-cc9c16c0a94e4ea29c37c11e05ed3e63;FlatGuide-Web-App-7769d03bbcf84da4b6de20510a0ef5af;Ops-Staff-1c01b58121fd4b23901c1a4bfa539ffe;;;;06d960d8394a4c2a84832d0c97ea07f5
No;Add Applicant to existing Booking;Ajouter un candidat à une vistie existante;High;Manage-SaaS-Visits-47be559e69304dd0aabf616c2123ac55;Agency-SaaS-ec0b97dca3ae4d2c86e9d96b16a2c9e1;Agency-Collaborator-1f0f9050687a4c69b82c2ad25bea34e6;Booking-3f5ab6da13eb42d192d5add126bb0e92;;;a37139b96ea448588075ceccf988a2c9
No;Add Applicant to existing Booking;Ajouter un candidat à une vistie existante;High;Manage-Visits-ed81ab4cab0b4251afa332531aaec3db;Agency-App-9d35b96d2bc140f8be04d78bf249c573;Agency-Collaborator-1f0f9050687a4c69b82c2ad25bea34e6;Booking-3f5ab6da13eb42d192d5add126bb0e92;;;80d3cceaf60c491c9380cc07f63b99a8
No;Add internal note;Ajouter une note interne;High;Manage-Applications-c7e8d19c87314eae88ac760916eef991;Agency-App-9d35b96d2bc140f8be04d78bf249c573;Agency-Collaborator-1f0f9050687a4c69b82c2ad25bea34e6;Application-4a6ff18cc4cc42bb8e4ab95157233487;;;80d3cceaf60c491c9380cc07f63b99a8,a37139b96ea448588075ceccf988a2c9
No;Add internal note;Ajouter une note interne;High;Manage-SaaS-Applications-c3a9488441eb4dbaab6be5e04342f4a0;Agency-SaaS-ec0b97dca3ae4d2c86e9d96b16a2c9e1;Agency-Collaborator-1f0f9050687a4c69b82c2ad25bea34e6;Application-4a6ff18cc4cc42bb8e4ab95157233487;;;80d3cceaf60c491c9380cc07f63b99a8,a37139b96ea448588075ceccf988a2c9
No;Add Property manually;Ajouter un bien manuellement;High;Manage-Property-2798a6bbd15c45f0af4360bf457b9451;Agency-App-9d35b96d2bc140f8be04d78bf249c573;Agency-Collaborator-1f0f9050687a4c69b82c2ad25bea34e6;Property-4fb0aa4c6b594276818e3ae3e1e1cf26;;;80d3cceaf60c491c9380cc07f63b99a8,a37139b96ea448588075ceccf988a2c9
No;Add Property manually;Ajouter un bien manuellement;High;Manage-SaaS-Property-1dbd301e94454f2b9a9560c9cc796cd0;Agency-SaaS-ec0b97dca3ae4d2c86e9d96b16a2c9e1;Agency-Collaborator-1f0f9050687a4c69b82c2ad25bea34e6;Property-4fb0aa4c6b594276818e3ae3e1e1cf26;;;80d3cceaf60c491c9380cc07f63b99a8,a37139b96ea448588075ceccf988a2c9
Yes;Add/Replace Application Documents;Ajouter/remplacer les documents de candidature;High;Manage-Applications-c7e8d19c87314eae88ac760916eef991;Applicant-App-4034543ba8b3418abe7071688eadd6ed;Applicant-b3fc61ee3d294c8a983a7cce5a5ede16;Application-4a6ff18cc4cc42bb8e4ab95157233487;;;80d3cceaf60c491c9380cc07f63b99a8,a37139b96ea448588075ceccf988a2c9
Yes;Add/Replace Application Documents;Ajouter/remplacer les documents de candidature;High;Manage-SaaS-Applications-c3a9488441eb4dbaab6be5e04342f4a;Applicant-Saas-App-4034543ba8b3418abe7071688eadd9e1;Applicant-b3fc61ee3d294c8a983a7cce5a5ede16;Application-4a6ff18cc4cc42bb8e4ab95157233487;;;80d3cceaf60c491c9380cc07f63b99a8,a37139b96ea448588075ceccf988a2c9
Yes;Cancel Application (with motivation);Annuler une demande (avec motivation);High;Manage-Applications-c7e8d19c87314eae88ac760916eef991;Applicant-App-4034543ba8b3418abe7071688eadd6ed;Applicant-b3fc61ee3d294c8a983a7cce5a5ede16;Application-4a6ff18cc4cc42bb8e4ab95157233487;;;80d3cceaf60c491c9380cc07f63b99a8,a37139b96ea448588075ceccf988a2c9
Yes;Cancel Application (with motivation);Annuler une demande (avec motivation);High;Manage-SaaS-Applications-c3a9488441eb4dbaab6be5e04342f4a0;Applicant-Saas-App-4034543ba8b3418abe7071688eadd9e1;Applicant-b3fc61ee3d294c8a983a7cce5a5ede16;Application-4a6ff18cc4cc42bb8e4ab95157233487;;;80d3cceaf60c491c9380cc07f63b99a8,a37139b96ea448588075ceccf988a2c9
No;Close Property;Clôturer un bien;High;Manage-Property-2798a6bbd15c45f0af4360bf457b9451;Agency-App-9d35b96d2bc140f8be04d78bf249c573;Agency-Collaborator-1f0f9050687a4c69b82c2ad25bea34e6;Property-4fb0aa4c6b594276818e3ae3e1e1cf26;;;80d3cceaf60c491c9380cc07f63b99a8,a37139b96ea448588075ceccf988a2c9
No;Close Property;Clôturer un bien;High;Manage-SaaS-Property-1dbd301e94454f2b9a9560c9cc796cd0;Agency-SaaS-ec0b97dca3ae4d2c86e9d96b16a2c9e1;Agency-Collaborator-1f0f9050687a4c69b82c2ad25bea34e6;Property-4fb0aa4c6b594276818e3ae3e1e1cf26;;;80d3cceaf60c491c9380cc07f63b99a8,a37139b96ea448588075ceccf988a2c9
No;Create Booking for Property (Auto-creation of Application and Applicant);Créer une visite pour un bien (création automatique de la candidature et du candidat);High;Manage-SaaS-Visits-47be559e69304dd0aabf616c2123ac55;Agency-SaaS-ec0b97dca3ae4d2c86e9d96b16a2c9e1;Agency-Collaborator-1f0f9050687a4c69b82c2ad25bea34e6;Booking-3f5ab6da13eb42d192d5add126bb0e92;;;a37139b96ea448588075ceccf988a2c9,80d3cceaf60c491c9380cc07f63b99a8
No;Create Booking for Property (Auto-creation of Application and Applicant);Créer une visite pour un bien (création automatique de la candidature et du candidat);High;Manage-Visits-ed81ab4cab0b4251afa332531aaec3db;Agency-App-9d35b96d2bc140f8be04d78bf249c573;Agency-Collaborator-1f0f9050687a4c69b82c2ad25bea34e6;Booking-3f5ab6da13eb42d192d5add126bb0e92;;;a37139b96ea448588075ceccf988a2c9,80d3cceaf60c491c9380cc07f63b99a8
No;Create link to Booking page for Property;Créer un lien vers la page de vistie d'un bien;High;Manage-SaaS-Visits-47be559e69304dd0aabf616c2123ac55;Agency-SaaS-ec0b97dca3ae4d2c86e9d96b16a2c9e1;Agency-Collaborator-1f0f9050687a4c69b82c2ad25bea34e6;Booking-3f5ab6da13eb42d192d5add126bb0e92;;;a37139b96ea448588075ceccf988a2c9,80d3cceaf60c491c9380cc07f63b99a8
No;Create link to Booking page for Property;Créer un lien vers la page de vistie d'un bien;High;Manage-Visits-ed81ab4cab0b4251afa332531aaec3db;Agency-App-9d35b96d2bc140f8be04d78bf249c573;Agency-Collaborator-1f0f9050687a4c69b82c2ad25bea34e6;Booking-3f5ab6da13eb42d192d5add126bb0e92;;;a37139b96ea448588075ceccf988a2c9,80d3cceaf60c491c9380cc07f63b99a8
No;Define FG Availabilities;Définir les disponibilités FG;High;Manage-FlatGuide-Availabilities-cc9c16c0a94e4ea29c37c11e05ed3e63;FlatGuide-App-c90e959f40264e73b351781212bcc703;Flat-Guide-d466759d44bf4efe995c7eeb0f3a29ca;Availabilities-70eab40324734a48b7832ca5900e17cf;;;06d960d8394a4c2a84832d0c97ea07f5
No;Overlay Availabilities and Events of Agent on Property Agenda;Superposer les disponibilités et les événements de l'agent sur l'agenda du bien.;High;Manage-SaaS-Visits-47be559e69304dd0aabf616c2123ac55;Agency-App-9d35b96d2bc140f8be04d78bf249c573;Agency-Collaborator-1f0f9050687a4c69b82c2ad25bea34e6;Availabilities-70eab40324734a48b7832ca5900e17cf;;;a37139b96ea448588075ceccf988a2c9
No;Sync Personal Calendar;Synchroniser le calendrier personnel;High;Manage-SaaS-Visits-47be559e69304dd0aabf616c2123ac55;Agency-App-9d35b96d2bc140f8be04d78bf249c573;Agency-Collaborator-1f0f9050687a4c69b82c2ad25bea34e6;Event-09fc6555a8ac4b17870e6f3a953c22e4;;;a37139b96ea448588075ceccf988a2c9
No;Update Availabilities;Mise à jour des disponibilités;High;Manage-SaaS-Visits-47be559e69304dd0aabf616c2123ac55;Agency-App-9d35b96d2bc140f8be04d78bf249c573;Agency-Collaborator-1f0f9050687a4c69b82c2ad25bea34e6;Availabilities-70eab40324734a48b7832ca5900e17cf;;;a37139b96ea448588075ceccf988a2c9
No;Update FG Availabilities;Mise à jour des disponibilités FG;High;Manage-FlatGuide-Availabilities-cc9c16c0a94e4ea29c37c11e05ed3e63;FlatGuide-App-c90e959f40264e73b351781212bcc703;Flat-Guide-d466759d44bf4efe995c7eeb0f3a29ca;Availabilities-70eab40324734a48b7832ca5900e17cf;;;06d960d8394a4c2a84832d0c97ea07f5
No;Accept CGU;Accepter CGU;Light;Set-up-SaaS-Account-81e8b4a649a8413e9ce2abcb66b10839;Agency-SaaS-ec0b97dca3ae4d2c86e9d96b16a2c9e1;Agency-Collaborator-1f0f9050687a4c69b82c2ad25bea34e6;;;;a37139b96ea448588075ceccf988a2c9
No;Access / Review FG details;Accéder / Réviser les détails FG;Light;Manage-FlatGuide-Account-1a34a06d993444fd9694ff7561f89622;Admin-App-45413f4fa44645aa88e4681b0ece1425;Ops-Staff-1c01b58121fd4b23901c1a4bfa539ffe;;;;06d960d8394a4c2a84832d0c97ea07f5
No;Add new Agency Collaborator (Send Invitation);Ajouter un nouveau collaborateur d'agence (envoyer une invitation);Light;Manage-SaaS-Account-6339ec2f4e824cdd837c865de5234008;Agency-SaaS-ec0b97dca3ae4d2c86e9d96b16a2c9e1;Agency-Collaborator-1f0f9050687a4c69b82c2ad25bea34e6;User-bf889e3166d74034baf629bfcc86f6f6;;;a37139b96ea448588075ceccf988a2c9,80d3cceaf60c491c9380cc07f63b99a8
No;Add new Agency Collaborator (Send Invitation);Ajouter un nouveau collaborateur d'agence (envoyer une invitation);Light;Manage-Account-cc9076bca6cd4f09aa9d6ef2a15fe02a;Agency-App-9d35b96d2bc140f8be04d78bf249c573;Agency-Collaborator-1f0f9050687a4c69b82c2ad25bea34e6;User-bf889e3166d74034baf629bfcc86f6f6;;;a37139b96ea448588075ceccf988a2c9,80d3cceaf60c491c9380cc07f63b99a8
Yes;Apply for FG Job;Postuler pour un emploi FG;Light;Sign-Up-FlatGuide-fa8365ecb8964d7fbac4e1568a493e25;FlatGuide-Prospection-Form-1832f2aec8564915983581c1d72ae4eb;FlatGuide-Prospect-7c72198b2bd849878f88ecd5e86d56f3;;;;06d960d8394a4c2a84832d0c97ea07f5
No;Assign CSM Staff for Customer;Affecter un membre de l'équipe CSM au client;Light;Set-up-Account-8829bc7ee02c44b98b9775dab9940fb5;Admin-App-45413f4fa44645aa88e4681b0ece1425;CSM-Staff-9b04a1191a2e47a6bb0e00e76275e136;Customer-893f3f582d434a19a7f602b1ea65b4d1;;;80d3cceaf60c491c9380cc07f63b99a8,a37139b96ea448588075ceccf988a2c9
No;Chat with SaaS Client;Chat avec SaaS Client;Light;Communicate-SaaS-b6ae0ba12566444387e5fff902c1b35c;Intercom-9479272b733c417a9158c324706e5610;Ops-Staff-1c01b58121fd4b23901c1a4bfa539ffe;;;;a37139b96ea448588075ceccf988a2c9
No;Chat with Web visitors;Chat avec les visiteurs Web;Light;Communicate-498b7348f78448b0ba3e05b7c365e0b2;Intercom-9479272b733c417a9158c324706e5610;Ops-Staff-1c01b58121fd4b23901c1a4bfa539ffe;;;;80d3cceaf60c491c9380cc07f63b99a8,a37139b96ea448588075ceccf988a2c9
No;Chat with Web visitors;Chat avec les visiteurs Web;Light;Communicate-SaaS-b6ae0ba12566444387e5fff902c1b35c;Intercom-9479272b733c417a9158c324706e5610;Ops-Staff-1c01b58121fd4b23901c1a4bfa539ffe;;;;80d3cceaf60c491c9380cc07f63b99a8,a37139b96ea448588075ceccf988a2c9
No;Configure Calendar Sync;Configurer la synchronisation des calendriers;Light;Manage-SaaS-Parameters-4a59a1d42b644fca8581360888443f3d;Agency-App-9d35b96d2bc140f8be04d78bf249c573;Agency-Collaborator-1f0f9050687a4c69b82c2ad25bea34e6;User-bf889e3166d74034baf629bfcc86f6f6;;;a37139b96ea448588075ceccf988a2c9
No;Consult FAQs;Consulter les FAQs;Light;Provide-FlatGuide-Documentation-9f8dc617736c40549d4e596adf4b02c8;FlatGuide-App-c90e959f40264e73b351781212bcc703;Flat-Guide-d466759d44bf4efe995c7eeb0f3a29ca;FAQ-9f8f5daee9f74314beecf0f90e07d5e9;;;06d960d8394a4c2a84832d0c97ea07f5
No;Create Customer Account;Créer un compte client;Light;Set-up-Account-8829bc7ee02c44b98b9775dab9940fb5;Admin-App-45413f4fa44645aa88e4681b0ece1425;CSM-Staff-9b04a1191a2e47a6bb0e00e76275e136;User-bf889e3166d74034baf629bfcc86f6f6;;;80d3cceaf60c491c9380cc07f63b99a8,a37139b96ea448588075ceccf988a2c9
No;Create FG Account;Créer un compte FG;Light;Set-up-FlatGuide-Account-6792fe5d43cf4cdea7d49b815e925eb0;;FlatGuide-Prospect-7c72198b2bd849878f88ecd5e86d56f3;;;;06d960d8394a4c2a84832d0c97ea07f5
No;Define Agency Collaborator Role;Définir le rôle de collaborateur de l'agence;Light;Manage-Users-97347e992fbc475780eafe19b75e1dbb;Agency-App-9d35b96d2bc140f8be04d78bf249c573;Agency-Collaborator-1f0f9050687a4c69b82c2ad25bea34e6;User-bf889e3166d74034baf629bfcc86f6f6;;;80d3cceaf60c491c9380cc07f63b99a8,a37139b96ea448588075ceccf988a2c9
No;Define Agency Collaborator Role;Définir le rôle de collaborateur de l'agence;Light;Manage-SaaS-Users-02dfa6d9f3cc41c79d11b820bd3a0ec0;Agency-SaaS-ec0b97dca3ae4d2c86e9d96b16a2c9e1;Agency-Collaborator-1f0f9050687a4c69b82c2ad25bea34e6;User-bf889e3166d74034baf629bfcc86f6f6;;;80d3cceaf60c491c9380cc07f63b99a8,a37139b96ea448588075ceccf988a2c9
No;Define FG Financial Details;Définir les détails financiers du FG;Light;Set-up-FlatGuide-Account-6792fe5d43cf4cdea7d49b815e925eb0;FlatGuide-App-c90e959f40264e73b351781212bcc703;Flat-Guide-d466759d44bf4efe995c7eeb0f3a29ca;FlatGuide-a8512bde6a2b4ee7a7cdeea35bad7265;;;06d960d8394a4c2a84832d0c97ea07f5
No;Define FG Legal Details;Définir les détails juridiques du FG;Light;Set-up-FlatGuide-Account-6792fe5d43cf4cdea7d49b815e925eb0;FlatGuide-App-c90e959f40264e73b351781212bcc703;Flat-Guide-d466759d44bf4efe995c7eeb0f3a29ca;FlatGuide-a8512bde6a2b4ee7a7cdeea35bad7265;;;06d960d8394a4c2a84832d0c97ea07f5
No;Define FG Profile Details;Définir les détails du profil FG;Light;Manage-FlatGuide-Account-1a34a06d993444fd9694ff7561f89622;FlatGuide-App-c90e959f40264e73b351781212bcc703;Flat-Guide-d466759d44bf4efe995c7eeb0f3a29ca;User-bf889e3166d74034baf629bfcc86f6f6;;;06d960d8394a4c2a84832d0c97ea07f5
No;Define FG Transportation Details;Définir les détails du transport FG;Light;Manage-FlatGuide-Account-1a34a06d993444fd9694ff7561f89622;FlatGuide-App-c90e959f40264e73b351781212bcc703;Flat-Guide-d466759d44bf4efe995c7eeb0f3a29ca;FlatGuide-a8512bde6a2b4ee7a7cdeea35bad7265;;;06d960d8394a4c2a84832d0c97ea07f5
No;Define Profile Picture;Définir l'image du profil;Light;Manage-FlatGuide-Account-1a34a06d993444fd9694ff7561f89622;FlatGuide-App-c90e959f40264e73b351781212bcc703;Flat-Guide-d466759d44bf4efe995c7eeb0f3a29ca;User-bf889e3166d74034baf629bfcc86f6f6;;;06d960d8394a4c2a84832d0c97ea07f5
No;Filter Customer List by CSM Staff;Filtrer la liste des clients par personnel CSM;Light;Manage-Customers-4161b32013704accbdfe55f06e1745f4, Manage-SaaS-Customers-accb4781b8404551b21e855ae27510a7;Admin-App-45413f4fa44645aa88e4681b0ece1425;CSM-Staff-9b04a1191a2e47a6bb0e00e76275e136;Customer-893f3f582d434a19a7f602b1ea65b4d1;;;80d3cceaf60c491c9380cc07f63b99a8,a37139b96ea448588075ceccf988a2c9
No;Follow up of FG lifecycle and Milestones;Suivi du cycle de vie et des étapes de FG;Light;Retain-FlatGuide-804b33a8e426421e9f126029f464b6e8;Google-Drive-fc7980c1a74c45efb7269a34a2b1a36f;Ops-Staff-1c01b58121fd4b23901c1a4bfa539ffe;;;;06d960d8394a4c2a84832d0c97ea07f5
No;Generate SEPA Authorization Document;Génération du document d'autorisation SEPA;Light;Manage-Account-cc9076bca6cd4f09aa9d6ef2a15fe02a;Admin-App-45413f4fa44645aa88e4681b0ece1425;CSM-Staff-9b04a1191a2e47a6bb0e00e76275e136;Customer-893f3f582d434a19a7f602b1ea65b4d1;;;80d3cceaf60c491c9380cc07f63b99a8
No;Invite FG Prospect for Interview;Inviter un prospect FG à un entretien;Light;Sign-Up-FlatGuide-fa8365ecb8964d7fbac4e1568a493e25;Admin-App-45413f4fa44645aa88e4681b0ece1425;Ops-Staff-1c01b58121fd4b23901c1a4bfa539ffe;;;;06d960d8394a4c2a84832d0c97ea07f5
No;Invite to Training;Inviter à une formation;Light;Sign-Up-FlatGuide-fa8365ecb8964d7fbac4e1568a493e25;Admin-App-45413f4fa44645aa88e4681b0ece1425;Ops-Staff-1c01b58121fd4b23901c1a4bfa539ffe;FlatGuide-a8512bde6a2b4ee7a7cdeea35bad7265;;;06d960d8394a4c2a84832d0c97ea07f5
No;Link FG Account to Intercom ?;Lier le compte FG à Intercom ?;Light;Set-up-FlatGuide-Account-6792fe5d43cf4cdea7d49b815e925eb0;Admin-App-45413f4fa44645aa88e4681b0ece1425;Ops-Staff-1c01b58121fd4b23901c1a4bfa539ffe;;;;06d960d8394a4c2a84832d0c97ea07f5
No;List all Applicants on Waiting List;Liste de tous les candidats sur la liste d'attente;Light;Sign-Up-FlatGuide-fa8365ecb8964d7fbac4e1568a493e25;Admin-App-45413f4fa44645aa88e4681b0ece1425;Ops-Staff-1c01b58121fd4b23901c1a4bfa539ffe;;;;06d960d8394a4c2a84832d0c97ea07f5
No;List all FG KPIs;Lister tous les KPIs de FG;Light;FlatGuide-Reporting-4a2711b9ce8f4cae8ab73c32b7edce05;FlatGuide-App-c90e959f40264e73b351781212bcc703;Flat-Guide-d466759d44bf4efe995c7eeb0f3a29ca;KPI-1d2287150d384549be9999ce76db3ed7;;;06d960d8394a4c2a84832d0c97ea07f5
No;List Custmoers;Liste des clients;Light;Manage-Customers-4161b32013704accbdfe55f06e1745f4, Manage-SaaS-Customers-accb4781b8404551b21e855ae27510a7;Admin-App-45413f4fa44645aa88e4681b0ece1425;CSM-Staff-9b04a1191a2e47a6bb0e00e76275e136;;;;80d3cceaf60c491c9380cc07f63b99a8,a37139b96ea448588075ceccf988a2c9
No;Manage Application Form (for custom use);Gérer le formulaire de demande (pour une utilisation personnalisée);Light;Manage-Parameters-40b5ea9ea6d54e82bfc18f67ab11a7f9;Admin-App-45413f4fa44645aa88e4681b0ece1425;CSM-Staff-9b04a1191a2e47a6bb0e00e76275e136;Customer-893f3f582d434a19a7f602b1ea65b4d1;;;80d3cceaf60c491c9380cc07f63b99a8
No;Manage Customer Billing Information;Gérer les informations de facturation des clients;Light;Manage-Parameters-40b5ea9ea6d54e82bfc18f67ab11a7f9;Admin-App-45413f4fa44645aa88e4681b0ece1425;CSM-Staff-9b04a1191a2e47a6bb0e00e76275e136;;;;80d3cceaf60c491c9380cc07f63b99a8
No;Manage Customer Info Content for FG;Gérer le contenu des informations client pour FG;Light;Manage-Parameters-40b5ea9ea6d54e82bfc18f67ab11a7f9;Admin-App-45413f4fa44645aa88e4681b0ece1425;CSM-Staff-9b04a1191a2e47a6bb0e00e76275e136;;;;80d3cceaf60c491c9380cc07f63b99a8
No;Manage Customer Payment Information;Gérer les informations de paiement des clients;Light;Manage-Parameters-40b5ea9ea6d54e82bfc18f67ab11a7f9;Admin-App-45413f4fa44645aa88e4681b0ece1425;CSM-Staff-9b04a1191a2e47a6bb0e00e76275e136;Customer-893f3f582d434a19a7f602b1ea65b4d1;;;80d3cceaf60c491c9380cc07f63b99a8
No;Manage Default Application Document Gathering Options;Gestion des options de collecte des documents de demande par défaut;Light;Manage-Parameters-40b5ea9ea6d54e82bfc18f67ab11a7f9;Admin-App-45413f4fa44645aa88e4681b0ece1425;CSM-Staff-9b04a1191a2e47a6bb0e00e76275e136;Customer-893f3f582d434a19a7f602b1ea65b4d1;;;80d3cceaf60c491c9380cc07f63b99a8
No;Manage Default delay for Keys pickup;Gérer le délai par défaut pour le ramassage des clés;Light;Manage-Parameters-40b5ea9ea6d54e82bfc18f67ab11a7f9;Admin-App-45413f4fa44645aa88e4681b0ece1425;CSM-Staff-9b04a1191a2e47a6bb0e00e76275e136;Customer-893f3f582d434a19a7f602b1ea65b4d1;;;80d3cceaf60c491c9380cc07f63b99a8
No;Manage Default Max visits per day;Gérer le nombre maximum de visites par jour par défaut;Light;Manage-Parameters-40b5ea9ea6d54e82bfc18f67ab11a7f9;Admin-App-45413f4fa44645aa88e4681b0ece1425;CSM-Staff-9b04a1191a2e47a6bb0e00e76275e136;Customer-893f3f582d434a19a7f602b1ea65b4d1;;;80d3cceaf60c491c9380cc07f63b99a8
No;Manage Default Peek Hours (Week and Weekend);Gérer les heures de visite par défaut (semaine et week-end);Light;Manage-Parameters-40b5ea9ea6d54e82bfc18f67ab11a7f9;Admin-App-45413f4fa44645aa88e4681b0ece1425;CSM-Staff-9b04a1191a2e47a6bb0e00e76275e136;Customer-893f3f582d434a19a7f602b1ea65b4d1;;;80d3cceaf60c491c9380cc07f63b99a8
No;Manage Property Pipeline Settings;Gérer les paramètres du pipeline des biens;Light;Manage-Parameters-40b5ea9ea6d54e82bfc18f67ab11a7f9;Admin-App-45413f4fa44645aa88e4681b0ece1425;CSM-Staff-9b04a1191a2e47a6bb0e00e76275e136;Customer-893f3f582d434a19a7f602b1ea65b4d1;;;80d3cceaf60c491c9380cc07f63b99a8
No;Monitor Amount of Visits per FG;Contrôler le nombre de visites par FG;Light;FlatGuide-Reporting-4a2711b9ce8f4cae8ab73c32b7edce05;Metabase-e396630284834cf6a1a4bdad8159e2a5;Ops-Staff-1c01b58121fd4b23901c1a4bfa539ffe;;;;06d960d8394a4c2a84832d0c97ea07f5
No;Monitor Rescheduling of Bookings;Suivi de la reprogrammation des visties;Light;FlatGuide-Reporting-4a2711b9ce8f4cae8ab73c32b7edce05;Metabase-e396630284834cf6a1a4bdad8159e2a5;Ops-Staff-1c01b58121fd4b23901c1a4bfa539ffe;;;;06d960d8394a4c2a84832d0c97ea07f5
No;Monitor Revenue;Suivi des revenus;Light;FlatGuide-Reporting-4a2711b9ce8f4cae8ab73c32b7edce05;Metabase-e396630284834cf6a1a4bdad8159e2a5;Ops-Staff-1c01b58121fd4b23901c1a4bfa539ffe;;;;06d960d8394a4c2a84832d0c97ea07f5
No;Monitor Star Reviews of FG;Contrôler les évaluations par étoiles de FG;Light;FlatGuide-Reporting-4a2711b9ce8f4cae8ab73c32b7edce05;Metabase-e396630284834cf6a1a4bdad8159e2a5;Ops-Staff-1c01b58121fd4b23901c1a4bfa539ffe;;;;06d960d8394a4c2a84832d0c97ea07f5
No;Monitor Visit Costs;Contrôler les coûts des visites;Light;FlatGuide-Reporting-4a2711b9ce8f4cae8ab73c32b7edce05;Metabase-e396630284834cf6a1a4bdad8159e2a5;Ops-Staff-1c01b58121fd4b23901c1a4bfa539ffe;;;;06d960d8394a4c2a84832d0c97ea07f5
No;Put FG Prospect on Waiting List;Inscrire le candidat FG sur une liste d'attente;Light;Validate-FlatGuide-c47d5e2e7c2b4e9c8291b03f15166e9d;Admin-App-45413f4fa44645aa88e4681b0ece1425;Ops-Staff-1c01b58121fd4b23901c1a4bfa539ffe;;;;06d960d8394a4c2a84832d0c97ea07f5
No;Reacticate Reject FG Application;Réagir Rejeter la demande d'un FG;Light;Sign-Up-FlatGuide-fa8365ecb8964d7fbac4e1568a493e25;Admin-App-45413f4fa44645aa88e4681b0ece1425;Ops-Staff-1c01b58121fd4b23901c1a4bfa539ffe;;;;06d960d8394a4c2a84832d0c97ea07f5
No;Redirect Unknown user to Prospect Form;Rediriger l'utilisateur inconnu vers le formulaire de prospection;Light;Hunt-FlatGuide-312e0f670872477aaa4eb158d6dc2979;FlatGuide-App-c90e959f40264e73b351781212bcc703;;;;;06d960d8394a4c2a84832d0c97ea07f5
No;Reject FG Prospect;Rejeter FG Prospect;Light;Validate-FlatGuide-c47d5e2e7c2b4e9c8291b03f15166e9d;Admin-App-45413f4fa44645aa88e4681b0ece1425;Ops-Staff-1c01b58121fd4b23901c1a4bfa539ffe;;;;06d960d8394a4c2a84832d0c97ea07f5
No;Review FG Application;Examen de la demande du FG;Light;Validate-FlatGuide-c47d5e2e7c2b4e9c8291b03f15166e9d;Admin-App-45413f4fa44645aa88e4681b0ece1425;Ops-Staff-1c01b58121fd4b23901c1a4bfa539ffe;;;;06d960d8394a4c2a84832d0c97ea07f5
No;Scoring of FG Prospect Application;Notation de la demande de prospection FG;Light;Validate-FlatGuide-c47d5e2e7c2b4e9c8291b03f15166e9d;FlatGuide-Prospection-Form-1832f2aec8564915983581c1d72ae4eb;Ops-Staff-1c01b58121fd4b23901c1a4bfa539ffe;;;;06d960d8394a4c2a84832d0c97ea07f5
No;Search for Customer;Recherche d'un client;Light;Manage-Customers-4161b32013704accbdfe55f06e1745f4, Manage-SaaS-Customers-accb4781b8404551b21e855ae27510a7;Admin-App-45413f4fa44645aa88e4681b0ece1425;CSM-Staff-9b04a1191a2e47a6bb0e00e76275e136;;;;80d3cceaf60c491c9380cc07f63b99a8,a37139b96ea448588075ceccf988a2c9
No;Select Date/Time for Interview;Sélectionner la date et l'heure de l'entretien;Light;Sign-Up-FlatGuide-fa8365ecb8964d7fbac4e1568a493e25;Calendly-a072852730c64c8394d0a2d7dfb45d45;FlatGuide-Prospect-7c72198b2bd849878f88ecd5e86d56f3;;;;06d960d8394a4c2a84832d0c97ea07f5
No;Send link for FG Account creation;Envoyer le lien pour la création d'un compte FG;Light;Sign-Up-FlatGuide-fa8365ecb8964d7fbac4e1568a493e25;Admin-App-45413f4fa44645aa88e4681b0ece1425;Ops-Staff-1c01b58121fd4b23901c1a4bfa539ffe;;;;06d960d8394a4c2a84832d0c97ea07f5
No;Send Signup link to Download FG App;Envoi du lien d'inscription pour télécharger l'application FG;Light;Sign-Up-FlatGuide-fa8365ecb8964d7fbac4e1568a493e25;Admin-App-45413f4fa44645aa88e4681b0ece1425;System-e0b952212bc04e8f916b85e089411309;;;;06d960d8394a4c2a84832d0c97ea07f5
No;Sponsor Friend;Parrainer un ami;Light;Hunt-FlatGuide-312e0f670872477aaa4eb158d6dc2979;FlatGuide-App-c90e959f40264e73b351781212bcc703;Flat-Guide-d466759d44bf4efe995c7eeb0f3a29ca;Prospect-14e8653c71804f53902240eb824c0874;;;06d960d8394a4c2a84832d0c97ea07f5
No;Suspend Customer;Suspendre un client;Light;Manage-Customers-4161b32013704accbdfe55f06e1745f4, Manage-SaaS-Customers-accb4781b8404551b21e855ae27510a7;Admin-App-45413f4fa44645aa88e4681b0ece1425;CSM-Staff-9b04a1191a2e47a6bb0e00e76275e136;Customer-893f3f582d434a19a7f602b1ea65b4d1;;;80d3cceaf60c491c9380cc07f63b99a8,a37139b96ea448588075ceccf988a2c9
No;Upload FG Legal Document;Télécharger le document légal FG;Light;Set-up-FlatGuide-Account-6792fe5d43cf4cdea7d49b815e925eb0;FlatGuide-App-c90e959f40264e73b351781212bcc703;Flat-Guide-d466759d44bf4efe995c7eeb0f3a29ca;;;;06d960d8394a4c2a84832d0c97ea07f5
No;Validate FC Banking Document;Valider le document bancaire FC;Light;Validate-FlatGuide-c47d5e2e7c2b4e9c8291b03f15166e9d;Admin-App-45413f4fa44645aa88e4681b0ece1425;;;;;06d960d8394a4c2a84832d0c97ea07f5
No;Validate FG ID documents;Valider les documents d'identité du FG;Light;Validate-FlatGuide-c47d5e2e7c2b4e9c8291b03f15166e9d;Admin-App-45413f4fa44645aa88e4681b0ece1425;;;;;06d960d8394a4c2a84832d0c97ea07f5
No;View an FG Ranking and comments per Booking;Afficher le classement et les commentaires d'un FG par vistie;Light;FlatGuide-Reporting-4a2711b9ce8f4cae8ab73c32b7edce05;Admin-App-45413f4fa44645aa88e4681b0ece1425;Ops-Staff-1c01b58121fd4b23901c1a4bfa539ffe;;;;06d960d8394a4c2a84832d0c97ea07f5
No;View Customer Dashboard (Reporting);Afficher le tableau de bord du client (rapports);Light;Reporting-5447767cfb1e4aec85a47d2cad5cb86b;Admin-App-45413f4fa44645aa88e4681b0ece1425;CSM-Staff-9b04a1191a2e47a6bb0e00e76275e136;;;;80d3cceaf60c491c9380cc07f63b99a8
No;View Customer KPIs;Afficher les indicateurs clés de performance du client;Light;Reporting-5447767cfb1e4aec85a47d2cad5cb86b;Admin-App-45413f4fa44645aa88e4681b0ece1425;CSM-Staff-9b04a1191a2e47a6bb0e00e76275e136;;;;80d3cceaf60c491c9380cc07f63b99a8
No;View FG Default Fee details;Voir les détails des frais par défaut de FG;Light;Manage-FlatGuide-Account-1a34a06d993444fd9694ff7561f89622;Admin-App-45413f4fa44645aa88e4681b0ece1425;Ops-Staff-1c01b58121fd4b23901c1a4bfa539ffe;;;;06d960d8394a4c2a84832d0c97ea07f5
No;View FG Profile Details;Voir les détails du profil FG;Light;Manage-FlatGuide-Account-1a34a06d993444fd9694ff7561f89622;FlatGuide-App-c90e959f40264e73b351781212bcc703;Flat-Guide-d466759d44bf4efe995c7eeb0f3a29ca;;;;06d960d8394a4c2a84832d0c97ea07f5
No;View FG Waiting List;Voir la liste d'attente de FG;Light;Sign-Up-FlatGuide-fa8365ecb8964d7fbac4e1568a493e25;Admin-App-45413f4fa44645aa88e4681b0ece1425;Ops-Staff-1c01b58121fd4b23901c1a4bfa539ffe;;;;06d960d8394a4c2a84832d0c97ea07f5
No;View Ops Dashboards;Voir les tableaux de bord des opérations;Light;FlatGuide-Reporting-4a2711b9ce8f4cae8ab73c32b7edce05;Metabase-e396630284834cf6a1a4bdad8159e2a5;Ops-Staff-1c01b58121fd4b23901c1a4bfa539ffe;;;;06d960d8394a4c2a84832d0c97ea07f5
No;Write FAQs;Rédiger des FAQ;Light;Provide-FlatGuide-Documentation-9f8dc617736c40549d4e596adf4b02c8;cc9b8d62b15347c3ad8c22e50622d6a6;Ops-Staff-1c01b58121fd4b23901c1a4bfa539ffe;FAQ-9f8f5daee9f74314beecf0f90e07d5e9;;;06d960d8394a4c2a84832d0c97ea07f5
No;Write notes on FG Prospects;Rédiger des notes sur FG Prospects;Light;Sign-Up-FlatGuide-fa8365ecb8964d7fbac4e1568a493e25;Admin-App-45413f4fa44645aa88e4681b0ece1425;Ops-Staff-1c01b58121fd4b23901c1a4bfa539ffe;;;;06d960d8394a4c2a84832d0c97ea07f5
No;Transform FG Prospect File to Image;Transformer le fichier de prospects FG en image;Light;Sign-Up-FlatGuide-fa8365ecb8964d7fbac4e1568a493e25;System-a442820512ae45018533137327ea246b;System-e0b952212bc04e8f916b85e089411309;Prospect-14e8653c71804f53902240eb824c0874;FlatGuide-824bd55c53aa4bb4a4a586de73229866;;06d960d8394a4c2a84832d0c97ea07f5
No;View Sales Dashboards;Afficher les tableaux de bord des ventes;Light;Reporting-5447767cfb1e4aec85a47d2cad5cb86b;Metabase-e396630284834cf6a1a4bdad8159e2a5;Sales-Staff-cea12272506b498da5c145d4dd10cb0a;Customer-893f3f582d434a19a7f602b1ea65b4d1;;;80d3cceaf60c491c9380cc07f63b99a8
No;View Customer KPIs;Afficher les indicateurs clés de performance des clients;Light;Reporting-5447767cfb1e4aec85a47d2cad5cb86b;Admin-App-45413f4fa44645aa88e4681b0ece1425;Sales-Staff-cea12272506b498da5c145d4dd10cb0a;Customer-893f3f582d434a19a7f602b1ea65b4d1;;;80d3cceaf60c491c9380cc07f63b99a8
No;(logged as) View Payments;(logged as) Voir les paiements;Medium;Handle-FlatGuide-Payment-b30f9d3aa46947429f93ae18e842fa6c;FlatGuide-Web-App-7769d03bbcf84da4b6de20510a0ef5af;Ops-Staff-1c01b58121fd4b23901c1a4bfa539ffe;;;;06d960d8394a4c2a84832d0c97ea07f5
No;Access Customer Page / Website;Accéder à la page client / au site web;Medium;Manage-Issues-929ba0e6178149ec860260b891ee4022;Admin-App-45413f4fa44645aa88e4681b0ece1425;CSM-Staff-9b04a1191a2e47a6bb0e00e76275e136;;;;80d3cceaf60c491c9380cc07f63b99a8
No;Add / Edit / Delete items to Invoice;Ajouter / Modifier / Supprimer des éléments de la facture;Medium;Invoice-6c1699e475d249bfb8f365a412fcd287;Admin-App-45413f4fa44645aa88e4681b0ece1425;CSM-Staff-9b04a1191a2e47a6bb0e00e76275e136;Invoice-a7d4fb846aba45ffb866ab772e203553;;;80d3cceaf60c491c9380cc07f63b99a8
No;Add / Edit / Remove upcoming Payment for FG ;Ajouter / Modifier / Supprimer le paiement à venir pour FG ;Medium;FlatGuide-Invoice-2d1a4f3cf9434f01ab7459de9c352328;Admin-App-45413f4fa44645aa88e4681b0ece1425;Ops-Staff-1c01b58121fd4b23901c1a4bfa539ffe;;;;06d960d8394a4c2a84832d0c97ea07f5
No;Archive FG Account;Archiver le compte FG;Medium;Offboard-1f7acd90af97417bbcb59399dab1c074;Admin-App-45413f4fa44645aa88e4681b0ece1425;Ops-Staff-1c01b58121fd4b23901c1a4bfa539ffe;;;;06d960d8394a4c2a84832d0c97ea07f5
No;Calculate Invoice;Calculer la facture;Medium;SaaS-Invoice-3625994e436b4bd1851da091e6df3e88;cc9b8d62b15347c3ad8c22e50622d6a6;;;;;a37139b96ea448588075ceccf988a2c9
No;Create Customer ;Créer un client ;Medium;Set-up-Account-8829bc7ee02c44b98b9775dab9940fb5;HubSpot-f18a017f3dfa4c028aeed2bd268177a5;Sales-Staff-cea12272506b498da5c145d4dd10cb0a;Customer-893f3f582d434a19a7f602b1ea65b4d1;;;80d3cceaf60c491c9380cc07f63b99a8
No;Create Customer Account;Créer un compte client;Medium;Set-up-SaaS-Account-81e8b4a649a8413e9ce2abcb66b10839;Admin-App-45413f4fa44645aa88e4681b0ece1425;CSM-Staff-9b04a1191a2e47a6bb0e00e76275e136;User-bf889e3166d74034baf629bfcc86f6f6;;;80d3cceaf60c491c9380cc07f63b99a8,a37139b96ea448588075ceccf988a2c9
No;Create Invoice;Créer une facture;Medium;Invoice-6c1699e475d249bfb8f365a412fcd287;Admin-App-45413f4fa44645aa88e4681b0ece1425;CSM-Staff-9b04a1191a2e47a6bb0e00e76275e136;Invoice-a7d4fb846aba45ffb866ab772e203553;;;80d3cceaf60c491c9380cc07f63b99a8
No;Create Product Order / Pricing;Créer une commande de produit/prix;Medium;Invoice-6c1699e475d249bfb8f365a412fcd287;Admin-App-45413f4fa44645aa88e4681b0ece1425;CSM-Staff-9b04a1191a2e47a6bb0e00e76275e136;;;;80d3cceaf60c491c9380cc07f63b99a8
No;Define Agency Booking Default Parameters (by transaction type);Définir les paramètres par défaut de l'agence de vistie (par type de transaction);Medium;Set-up-Account-8829bc7ee02c44b98b9775dab9940fb5;Agency-App-9d35b96d2bc140f8be04d78bf249c573;Agency-Collaborator-1f0f9050687a4c69b82c2ad25bea34e6;Customer-893f3f582d434a19a7f602b1ea65b4d1;;;80d3cceaf60c491c9380cc07f63b99a8
No;Define Agency Booking Default Parameters (by transaction type);Définir les paramètres par défaut de l'agence de vistie (par type de transaction);Medium;Set-up-Account-8829bc7ee02c44b98b9775dab9940fb5;Admin-App-45413f4fa44645aa88e4681b0ece1425;CSM-Staff-9b04a1191a2e47a6bb0e00e76275e136;Customer-893f3f582d434a19a7f602b1ea65b4d1;;;80d3cceaf60c491c9380cc07f63b99a8
No;Define Application criteria per Property;Définir les critères d'application par propriété;Medium;Manage-Property-2798a6bbd15c45f0af4360bf457b9451;Agency-App-9d35b96d2bc140f8be04d78bf249c573;Agency-Collaborator-1f0f9050687a4c69b82c2ad25bea34e6;Property-4fb0aa4c6b594276818e3ae3e1e1cf26;;;80d3cceaf60c491c9380cc07f63b99a8,a37139b96ea448588075ceccf988a2c9
No;Define Application criteria per Property;Définir les critères d'application par propriété;Medium;Manage-SaaS-Property-1dbd301e94454f2b9a9560c9cc796cd0;Agency-SaaS-ec0b97dca3ae4d2c86e9d96b16a2c9e1;Agency-Collaborator-1f0f9050687a4c69b82c2ad25bea34e6;Property-4fb0aa4c6b594276818e3ae3e1e1cf26;;;80d3cceaf60c491c9380cc07f63b99a8,a37139b96ea448588075ceccf988a2c9
No;Define Applications Default Params (by transaction type);Définir les paramètres par défaut des applications (par type de transaction);Medium;Set-up-Account-8829bc7ee02c44b98b9775dab9940fb5;Agency-App-9d35b96d2bc140f8be04d78bf249c573;Agency-Collaborator-1f0f9050687a4c69b82c2ad25bea34e6;Customer-893f3f582d434a19a7f602b1ea65b4d1;;;80d3cceaf60c491c9380cc07f63b99a8
No;Define Applications Default Params (Rental Only);Définir les paramètres par défaut des applications (location uniquement);Medium;Set-up-Account-8829bc7ee02c44b98b9775dab9940fb5;Admin-App-45413f4fa44645aa88e4681b0ece1425;CSM-Staff-9b04a1191a2e47a6bb0e00e76275e136;;;;80d3cceaf60c491c9380cc07f63b99a8
No;Define Availabilities (Open or specific Properties);Définir les disponibilités (Propriétés ouvertes ou spécifiques);Medium;Set-up-Account-8829bc7ee02c44b98b9775dab9940fb5;Agency-App-9d35b96d2bc140f8be04d78bf249c573;Agency-Collaborator-1f0f9050687a4c69b82c2ad25bea34e6;Availabilities-70eab40324734a48b7832ca5900e17cf;;;80d3cceaf60c491c9380cc07f63b99a8
No;Define Booking Parameters (by transaction type);Définir les paramètres de vistie (par type de transaction);Medium;Set-up-Account-8829bc7ee02c44b98b9775dab9940fb5;Admin-App-45413f4fa44645aa88e4681b0ece1425;CSM-Staff-9b04a1191a2e47a6bb0e00e76275e136;Property-4fb0aa4c6b594276818e3ae3e1e1cf26;;;80d3cceaf60c491c9380cc07f63b99a8
No;Define Customer Logo;Définir le logo du client;Medium;Set-up-Account-8829bc7ee02c44b98b9775dab9940fb5;Agency-App-9d35b96d2bc140f8be04d78bf249c573;Agency-Collaborator-1f0f9050687a4c69b82c2ad25bea34e6;Customer-893f3f582d434a19a7f602b1ea65b4d1;;;80d3cceaf60c491c9380cc07f63b99a8
No;Define Customer Profile Details;Définir les détails du profil du client;Medium;Set-up-Account-8829bc7ee02c44b98b9775dab9940fb5;Agency-App-9d35b96d2bc140f8be04d78bf249c573;Agency-Collaborator-1f0f9050687a4c69b82c2ad25bea34e6;Customer-893f3f582d434a19a7f602b1ea65b4d1;;;80d3cceaf60c491c9380cc07f63b99a8
No;Define Customer Technical Params;Définir les paramètres techniques du client;Medium;Set-up-Account-8829bc7ee02c44b98b9775dab9940fb5;Agency-App-9d35b96d2bc140f8be04d78bf249c573;Agency-Collaborator-1f0f9050687a4c69b82c2ad25bea34e6;Customer-893f3f582d434a19a7f602b1ea65b4d1;;;80d3cceaf60c491c9380cc07f63b99a8
No;Edit a Booking Report with an issue;Modifier un rapport de vistie avec un problème;Medium;Manage-FlatGuide-Issues-364b07b051da4076885b7c15273b4507;Admin-App-45413f4fa44645aa88e4681b0ece1425;Ops-Staff-1c01b58121fd4b23901c1a4bfa539ffe;;;;06d960d8394a4c2a84832d0c97ea07f5
No;Export Invoices to CSV;Exporter les factures vers CSV;Medium;Invoice-6c1699e475d249bfb8f365a412fcd287;Admin-App-45413f4fa44645aa88e4681b0ece1425;CSM-Staff-9b04a1191a2e47a6bb0e00e76275e136;Invoice-a7d4fb846aba45ffb866ab772e203553;;;80d3cceaf60c491c9380cc07f63b99a8
No;Filter FG Prospects by geolocation, scoring…;Filtrer les Prospects FG par géolocalisation, scoring...;Medium;Manage-FlatGuides-900541c236724f82a9ffdab241a86553;Admin-App-45413f4fa44645aa88e4681b0ece1425;Ops-Staff-1c01b58121fd4b23901c1a4bfa539ffe;FlatGuide-a8512bde6a2b4ee7a7cdeea35bad7265;;;06d960d8394a4c2a84832d0c97ea07f5
No;Follow issue with CSM Staff;Suivi des questions avec un membre de l'équipe du CSM;Medium;Manage-Issues-929ba0e6178149ec860260b891ee4022;HubSpot-f18a017f3dfa4c028aeed2bd268177a5;Ops-Staff-1c01b58121fd4b23901c1a4bfa539ffe;;;;80d3cceaf60c491c9380cc07f63b99a8
No;Generate Bulk FG Transfert Orfer;Générer un lien de transfert de FG en masse;Medium;Handle-FlatGuide-Payment-b30f9d3aa46947429f93ae18e842fa6c;System-a442820512ae45018533137327ea246b;C-Level-2cd428e9ee88421d9582aa74ce7bd7e8;;;;06d960d8394a4c2a84832d0c97ea07f5
No;Generate Customer Contract;Générer un contrat client;Medium;Sign-Contract-7d3ef3b4ee7c4ce196d2c6358140f762;Concord-Now-90b5e2278c754926a5850648ff46c888;Sales-Staff-cea12272506b498da5c145d4dd10cb0a;;;;80d3cceaf60c491c9380cc07f63b99a8
No;Impersonate Customer;Usurpation d'identité du client;Medium;Manage-Issues-929ba0e6178149ec860260b891ee4022;Agency-App-9d35b96d2bc140f8be04d78bf249c573;CSM-Staff-9b04a1191a2e47a6bb0e00e76275e136;;;;80d3cceaf60c491c9380cc07f63b99a8
No;List all active FG;Lister tous les FG actifs;Medium;Manage-FlatGuides-900541c236724f82a9ffdab241a86553;Admin-App-45413f4fa44645aa88e4681b0ece1425;Ops-Staff-1c01b58121fd4b23901c1a4bfa539ffe;;;;06d960d8394a4c2a84832d0c97ea07f5
No;List all Booking Reports with issues;Lister tous les rapports de vistie avec les problèmes;Medium;Manage-FlatGuide-Issues-364b07b051da4076885b7c15273b4507;Admin-App-45413f4fa44645aa88e4681b0ece1425;Ops-Staff-1c01b58121fd4b23901c1a4bfa539ffe;;;;06d960d8394a4c2a84832d0c97ea07f5
No;List all customers and current billing status / info;Liste de tous les clients et statut de facturation / informations actuelles;Medium;Invoice-6c1699e475d249bfb8f365a412fcd287;Admin-App-45413f4fa44645aa88e4681b0ece1425;CSM-Staff-9b04a1191a2e47a6bb0e00e76275e136;Invoice-a7d4fb846aba45ffb866ab772e203553;;;80d3cceaf60c491c9380cc07f63b99a8
No;List all FG earned service fees;Liste de tous les frais de service gagnés par FG;Medium;FlatGuide-Invoice-2d1a4f3cf9434f01ab7459de9c352328;FlatGuide-App-c90e959f40264e73b351781212bcc703;Flat-Guide-d466759d44bf4efe995c7eeb0f3a29ca;Service-Fee-cf637d33bc9a49a0a749ae5a6f805e0e;;;06d960d8394a4c2a84832d0c97ea07f5
No;List all FG rankings;Liste de tous les classements FG;Medium;Manage-FlatGuides-900541c236724f82a9ffdab241a86553;Admin-App-45413f4fa44645aa88e4681b0ece1425;Ops-Staff-1c01b58121fd4b23901c1a4bfa539ffe;;;;06d960d8394a4c2a84832d0c97ea07f5
No;List all Invoices for Customer;Liste de toutes les factures des clients;Medium;Invoice-6c1699e475d249bfb8f365a412fcd287;Admin-App-45413f4fa44645aa88e4681b0ece1425;CSM-Staff-9b04a1191a2e47a6bb0e00e76275e136;Invoice-a7d4fb846aba45ffb866ab772e203553;;;80d3cceaf60c491c9380cc07f63b99a8
No;List all issues with Keys;Liste de tous les problèmes avec les clés;Medium;Manage-FlatGuide-Issues-364b07b051da4076885b7c15273b4507;Admin-App-45413f4fa44645aa88e4681b0ece1425;Ops-Staff-1c01b58121fd4b23901c1a4bfa539ffe;;;;06d960d8394a4c2a84832d0c97ea07f5
No;List all payments;Liste de tous les paiements;Medium;Recover-Payment-24eec2985922449d9308276dcbd26116;Admin-App-45413f4fa44645aa88e4681b0ece1425;Ops-Staff-1c01b58121fd4b23901c1a4bfa539ffe;;;;80d3cceaf60c491c9380cc07f63b99a8
No;List all payments for FG;Lister tous les paiements pour FG;Medium;Handle-FlatGuide-Payment-b30f9d3aa46947429f93ae18e842fa6c;Admin-App-45413f4fa44645aa88e4681b0ece1425;Ops-Staff-1c01b58121fd4b23901c1a4bfa539ffe;;;;06d960d8394a4c2a84832d0c97ea07f5
No;List all properties with issues ;Lister tous les biens avec des problèmes ;Medium;Manage-FlatGuide-Issues-364b07b051da4076885b7c15273b4507;Admin-App-45413f4fa44645aa88e4681b0ece1425;Ops-Staff-1c01b58121fd4b23901c1a4bfa539ffe;;;;06d960d8394a4c2a84832d0c97ea07f5
No;Log as FG ;Connectez-vous en tant que FG ;Medium;Manage-FlatGuide-Issues-364b07b051da4076885b7c15273b4507;Admin-App-45413f4fa44645aa88e4681b0ece1425;Ops-Staff-1c01b58121fd4b23901c1a4bfa539ffe;;;;06d960d8394a4c2a84832d0c97ea07f5
No;Manage Late Invoice Payment and recovery;Gestion du paiement et du recouvrement des factures en retard;Medium;Recover-Payment-24eec2985922449d9308276dcbd26116;Upflow-9f5cf38818be4ca4b164fb9e87447ed7;CSM-Staff-9b04a1191a2e47a6bb0e00e76275e136;;;;80d3cceaf60c491c9380cc07f63b99a8
No;Monitor Key Issues;Suivi des problèmes clés;Medium;Manage-FlatGuide-Issues-364b07b051da4076885b7c15273b4507;Metabase-e396630284834cf6a1a4bdad8159e2a5;Ops-Staff-1c01b58121fd4b23901c1a4bfa539ffe;;;;06d960d8394a4c2a84832d0c97ea07f5
No;Request Missing Code for FG;Demander un code manquant pour FG;Medium;Manage-FlatGuide-Issues-364b07b051da4076885b7c15273b4507;FlatGuide-App-c90e959f40264e73b351781212bcc703;Flat-Guide-d466759d44bf4efe995c7eeb0f3a29ca;;;;06d960d8394a4c2a84832d0c97ea07f5
No;Resend FG Payment;Renvoyer le paiement FG;Medium;Handle-FlatGuide-Payment-b30f9d3aa46947429f93ae18e842fa6c;cc9b8d62b15347c3ad8c22e50622d6a6;Ops-Staff-1c01b58121fd4b23901c1a4bfa539ffe;;;;06d960d8394a4c2a84832d0c97ea07f5
No;Send FG Monthly Payment;Envoyer le paiement mensuel de FG;Medium;Handle-FlatGuide-Payment-b30f9d3aa46947429f93ae18e842fa6c;cc9b8d62b15347c3ad8c22e50622d6a6;Ops-Staff-1c01b58121fd4b23901c1a4bfa539ffe;;;;06d960d8394a4c2a84832d0c97ea07f5
No;Send Invoice;Envoyer une facture;Medium;Invoice-6c1699e475d249bfb8f365a412fcd287;Stripe-7e297564c1f04042b225be75115b077b;CSM-Staff-9b04a1191a2e47a6bb0e00e76275e136;Invoice-a7d4fb846aba45ffb866ab772e203553;;;80d3cceaf60c491c9380cc07f63b99a8
No;Send Invoice;Envoyer une facture;Medium;SaaS-Invoice-3625994e436b4bd1851da091e6df3e88;cc9b8d62b15347c3ad8c22e50622d6a6;;;;;a37139b96ea448588075ceccf988a2c9
No;Set up Email Redirection;Configurer la redirection des courriels;Medium;Set-up-Account-8829bc7ee02c44b98b9775dab9940fb5;Admin-App-45413f4fa44645aa88e4681b0ece1425;CSM-Staff-9b04a1191a2e47a6bb0e00e76275e136;;;;80d3cceaf60c491c9380cc07f63b99a8
No;Staff Collaborator for a Property (single or batch);Staffer un bien (unique ou par lot);Medium;Manage-SaaS-Staffing-a4c836ef219f4b3184da8da7a67cf911;Agency-App-9d35b96d2bc140f8be04d78bf249c573;Agency-Collaborator-1f0f9050687a4c69b82c2ad25bea34e6;;;;a37139b96ea448588075ceccf988a2c9
No;Track FG Holidays;Suivi des jours fériés de FG;Medium;Manage-FlatGuides-900541c236724f82a9ffdab241a86553;Google-Drive-fc7980c1a74c45efb7269a34a2b1a36f;Ops-Staff-1c01b58121fd4b23901c1a4bfa539ffe;;;;06d960d8394a4c2a84832d0c97ea07f5
No;Train Customer;Former le client;Medium;Set-up-Account-8829bc7ee02c44b98b9775dab9940fb5;cc9b8d62b15347c3ad8c22e50622d6a6;CSM-Staff-9b04a1191a2e47a6bb0e00e76275e136;;;;80d3cceaf60c491c9380cc07f63b99a8
No;Transfer FG Payments;Transférer les paiements FG;Medium;Handle-FlatGuide-Payment-b30f9d3aa46947429f93ae18e842fa6c;Qonto-87aecfce8970411f9656462272143730;C-Level-2cd428e9ee88421d9582aa74ce7bd7e8;;;;06d960d8394a4c2a84832d0c97ea07f5
No;Update Invoice info when updating User counts;Mise à jour des informations de facturation lors de la mise à jour du nombre d'utilisateurs;Medium;SaaS-Invoice-3625994e436b4bd1851da091e6df3e88;Agency-App-9d35b96d2bc140f8be04d78bf249c573;CSM-Staff-9b04a1191a2e47a6bb0e00e76275e136;;;;a37139b96ea448588075ceccf988a2c9
No;View Customer Contract;Voir le contrat du client;Medium;Sign-Contract-7d3ef3b4ee7c4ce196d2c6358140f762;cc9b8d62b15347c3ad8c22e50622d6a6;CSM-Staff-9b04a1191a2e47a6bb0e00e76275e136;;;;80d3cceaf60c491c9380cc07f63b99a8
No;View Customer Contract;Voir le contrat du client;Medium;Sign-Contract-7d3ef3b4ee7c4ce196d2c6358140f762;cc9b8d62b15347c3ad8c22e50622d6a6;Sales-Staff-cea12272506b498da5c145d4dd10cb0a;;;;80d3cceaf60c491c9380cc07f63b99a8
No;View Customer Onboarding Checklist;Voir la liste de contrôle pour l'intégration des clients;Medium;Set-up-Account-8829bc7ee02c44b98b9775dab9940fb5;Admin-App-45413f4fa44645aa88e4681b0ece1425;CSM-Staff-9b04a1191a2e47a6bb0e00e76275e136;;;;80d3cceaf60c491c9380cc07f63b99a8
No;View Upcoming Invoice Amount;Afficher le montant de la facture à venir;Medium;Invoice-6c1699e475d249bfb8f365a412fcd287;Agency-App-9d35b96d2bc140f8be04d78bf249c573;Agency-Collaborator-1f0f9050687a4c69b82c2ad25bea34e6;User-bf889e3166d74034baf629bfcc86f6f6;;;80d3cceaf60c491c9380cc07f63b99a8
No;View Upcoming Invoice Amount;Afficher le montant de la facture à venir;Medium;SaaS-Invoice-3625994e436b4bd1851da091e6df3e88;cc9b8d62b15347c3ad8c22e50622d6a6;;;;;a37139b96ea448588075ceccf988a2c9
No;View Upcoming Invoice Emission Date;Afficher la date d'émission de la facture à venir;Medium;Invoice-6c1699e475d249bfb8f365a412fcd287;Agency-App-9d35b96d2bc140f8be04d78bf249c573;Agency-Collaborator-1f0f9050687a4c69b82c2ad25bea34e6;User-bf889e3166d74034baf629bfcc86f6f6;;;80d3cceaf60c491c9380cc07f63b99a8
No;View Upcoming Invoice Emission Date;Afficher la date d'émission de la facture à venir;Medium;SaaS-Invoice-3625994e436b4bd1851da091e6df3e88;cc9b8d62b15347c3ad8c22e50622d6a6;;;;;a37139b96ea448588075ceccf988a2c9
No;Set Up Application Requirement Document;Mise en place d'un document d'exigence pour la demande;Medium,Critical;Manage-SaaS-Property-1dbd301e94454f2b9a9560c9cc796cd0, Manage-Property-2798a6bbd15c45f0af4360bf457b9451;Admin-App-45413f4fa44645aa88e4681b0ece1425;CSM-Staff-9b04a1191a2e47a6bb0e00e76275e136;;;;a37139b96ea448588075ceccf988a2c9,80d3cceaf60c491c9380cc07f63b99a8
No;Set up Application System (IA/None);Configurer le système d'application (IA/None);Medium,Critical;Manage-SaaS-Property-1dbd301e94454f2b9a9560c9cc796cd0, Manage-Property-2798a6bbd15c45f0af4360bf457b9451;Admin-App-45413f4fa44645aa88e4681b0ece1425;CSM-Staff-9b04a1191a2e47a6bb0e00e76275e136;;;;a37139b96ea448588075ceccf988a2c9,80d3cceaf60c491c9380cc07f63b99a8
No;Create Staff Account;Créer un compte personnel;;Set-up-Staff-Accounts-286710c7f0dd4441a04c4b4b3f55fc67;Admin-App-45413f4fa44645aa88e4681b0ece1425;;;;;20aa4cdaa138486a82a15dd899951e3e
No;Define Product Pricing;Définir la tarification des produits;;Pricing-e6ba9a48f7a7482996141652dd06a4b3;cc9b8d62b15347c3ad8c22e50622d6a6;;;;;03c1b0f69dde4e81966428c084e3930e
No;Remove Calendar Sync;Supprimer la synchronisation des calendriers;;Remove-Accounts-d03d8415252b4d83ae38d9755e06c36a;System-a442820512ae45018533137327ea246b;System-e0b952212bc04e8f916b85e089411309;;;;a37139b96ea448588075ceccf988a2c9
No;Marketing Reporting of Campaign with CA per customers;Rapport de marketing de la campagne avec CA par clients;;;;Marketing-Staff-d75e47f013e74408bd16d448834c6c94;;;;
No;Generate Booking Link for Property;Générer un lien de vistie pour un bien;Critical,Critical;Manage-FlatGuide-Visits-18c3ee43a79b4145a31ccde6a1668ddc, Manage-Visits-ed81ab4cab0b4251afa332531aaec3db;Admin-App-45413f4fa44645aa88e4681b0ece1425;Agency-Collaborator-1f0f9050687a4c69b82c2ad25bea34e6;;;;06d960d8394a4c2a84832d0c97ea07f5,80d3cceaf60c491c9380cc07f63b99a8
No;Choose Application and Close Asset;Choisir le candidat et clôturer le bien;Critical,High;Manage-Applications-c7e8d19c87314eae88ac760916eef991;Agency-App-9d35b96d2bc140f8be04d78bf249c573;Agency-Collaborator-1f0f9050687a4c69b82c2ad25bea34e6;Application-4a6ff18cc4cc42bb8e4ab95157233487;;;80d3cceaf60c491c9380cc07f63b99a8,a37139b96ea448588075ceccf988a2c9
No;Choose Application and Close Asset;Choisir le candidat et clôturer le bien;Critical,High;Manage-SaaS-Applications-c3a9488441eb4dbaab6be5e04342f4a0;Agency-SaaS-ec0b97dca3ae4d2c86e9d96b16a2c9e1;Agency-Collaborator-1f0f9050687a4c69b82c2ad25bea34e6;Application-4a6ff18cc4cc42bb8e4ab95157233487;;;80d3cceaf60c491c9380cc07f63b99a8,a37139b96ea448588075ceccf988a2c9
Yes;Delete Application and Documents;Supprimer la demande et les documents;Critical,High;Manage-Applications-c7e8d19c87314eae88ac760916eef991, Manage-SaaS-Applications-c3a9488441eb4dbaab6be5e04342f4a0;System-a442820512ae45018533137327ea246b;System-e0b952212bc04e8f916b85e089411309;Application-4a6ff18cc4cc42bb8e4ab95157233487;;;80d3cceaf60c491c9380cc07f63b99a8,a37139b96ea448588075ceccf988a2c9
No;Download All Application Documents;Télécharger tous les documents de candidature;Critical,High;Manage-Applications-c7e8d19c87314eae88ac760916eef991, Manage-SaaS-Applications-c3a9488441eb4dbaab6be5e04342f4a0;Agency-App-9d35b96d2bc140f8be04d78bf249c573;Agency-Collaborator-1f0f9050687a4c69b82c2ad25bea34e6;Application-4a6ff18cc4cc42bb8e4ab95157233487;;;80d3cceaf60c491c9380cc07f63b99a8,a37139b96ea448588075ceccf988a2c9
No;Download Application Document;Télécharger le document de candidature;Critical,High;Manage-Applications-c7e8d19c87314eae88ac760916eef991, Manage-SaaS-Applications-c3a9488441eb4dbaab6be5e04342f4a0;Agency-App-9d35b96d2bc140f8be04d78bf249c573;Agency-Collaborator-1f0f9050687a4c69b82c2ad25bea34e6;Application-4a6ff18cc4cc42bb8e4ab95157233487;;;80d3cceaf60c491c9380cc07f63b99a8,a37139b96ea448588075ceccf988a2c9
Yes;Export Visits to CSV;Exporter les visites vers CSV;Critical,High;Manage-Visits-ed81ab4cab0b4251afa332531aaec3db, Manage-SaaS-Visits-47be559e69304dd0aabf616c2123ac55;Admin-App-45413f4fa44645aa88e4681b0ece1425;CSM-Staff-9b04a1191a2e47a6bb0e00e76275e136;Booking-3f5ab6da13eb42d192d5add126bb0e92;;;80d3cceaf60c491c9380cc07f63b99a8,a37139b96ea448588075ceccf988a2c9
No;Invite Applicant to visit (from Waiting List);Inviter le candidat à visiter (à partir de la liste d'attente);Critical,High;Manage-Visits-ed81ab4cab0b4251afa332531aaec3db, Manage-SaaS-Visits-47be559e69304dd0aabf616c2123ac55;Agency-App-9d35b96d2bc140f8be04d78bf249c573;Agency-Collaborator-1f0f9050687a4c69b82c2ad25bea34e6;Booking-3f5ab6da13eb42d192d5add126bb0e92;;;80d3cceaf60c491c9380cc07f63b99a8,a37139b96ea448588075ceccf988a2c9
No;List Application Leads;Liste des demandes en cours;Critical,High;Manage-Applications-c7e8d19c87314eae88ac760916eef991, Manage-SaaS-Applications-c3a9488441eb4dbaab6be5e04342f4a0;Agency-App-9d35b96d2bc140f8be04d78bf249c573;Agency-Collaborator-1f0f9050687a4c69b82c2ad25bea34e6;Application-4a6ff18cc4cc42bb8e4ab95157233487;;;80d3cceaf60c491c9380cc07f63b99a8,a37139b96ea448588075ceccf988a2c9
No;List Application Waiting List;Liste des demandes en attente;Critical,High;Manage-Applications-c7e8d19c87314eae88ac760916eef991, Manage-SaaS-Applications-c3a9488441eb4dbaab6be5e04342f4a0;Agency-App-9d35b96d2bc140f8be04d78bf249c573;Agency-Collaborator-1f0f9050687a4c69b82c2ad25bea34e6;Application-4a6ff18cc4cc42bb8e4ab95157233487;;;80d3cceaf60c491c9380cc07f63b99a8,a37139b96ea448588075ceccf988a2c9
No;List Archived Applications;Liste des demandes archivées;Critical,High;Manage-Applications-c7e8d19c87314eae88ac760916eef991, Manage-SaaS-Applications-c3a9488441eb4dbaab6be5e04342f4a0;Agency-App-9d35b96d2bc140f8be04d78bf249c573;Agency-Collaborator-1f0f9050687a4c69b82c2ad25bea34e6;Application-4a6ff18cc4cc42bb8e4ab95157233487;;;80d3cceaf60c491c9380cc07f63b99a8,a37139b96ea448588075ceccf988a2c9
No;List Ongoing Applications;Liste des demandes en cours;Critical,High;Manage-Applications-c7e8d19c87314eae88ac760916eef991, Manage-SaaS-Applications-c3a9488441eb4dbaab6be5e04342f4a0;Agency-App-9d35b96d2bc140f8be04d78bf249c573;Agency-Collaborator-1f0f9050687a4c69b82c2ad25bea34e6;Application-4a6ff18cc4cc42bb8e4ab95157233487;;;80d3cceaf60c491c9380cc07f63b99a8,a37139b96ea448588075ceccf988a2c9
No;Notify Applicant of Approved Application;Notifier le candidat de l'approbation de sa demande;Critical,High;Manage-Applications-c7e8d19c87314eae88ac760916eef991, Manage-SaaS-Applications-c3a9488441eb4dbaab6be5e04342f4a0;Agency-App-9d35b96d2bc140f8be04d78bf249c573;Agency-Collaborator-1f0f9050687a4c69b82c2ad25bea34e6;Application-4a6ff18cc4cc42bb8e4ab95157233487;;;80d3cceaf60c491c9380cc07f63b99a8,a37139b96ea448588075ceccf988a2c9
No;Notify Applicant of Rejected Application;Notifier le candidat d'une demande rejetée;Critical,High;Manage-Applications-c7e8d19c87314eae88ac760916eef991, Manage-SaaS-Applications-c3a9488441eb4dbaab6be5e04342f4a0;Agency-App-9d35b96d2bc140f8be04d78bf249c573;Agency-Collaborator-1f0f9050687a4c69b82c2ad25bea34e6;Application-4a6ff18cc4cc42bb8e4ab95157233487;;;80d3cceaf60c491c9380cc07f63b99a8,a37139b96ea448588075ceccf988a2c9
No;Parse Lead Emails;Analyser les e-mails des prospects;Critical,High;Manage-FlatGuide-Visits-18c3ee43a79b4145a31ccde6a1668ddc, Manage-SaaS-Visits-47be559e69304dd0aabf616c2123ac55;System-a442820512ae45018533137327ea246b;System-e0b952212bc04e8f916b85e089411309;;;;06d960d8394a4c2a84832d0c97ea07f5,a37139b96ea448588075ceccf988a2c9
No;Reject Application;Rejeter la demande;Critical,High;Manage-Applications-c7e8d19c87314eae88ac760916eef991, Manage-SaaS-Applications-c3a9488441eb4dbaab6be5e04342f4a0;Agency-App-9d35b96d2bc140f8be04d78bf249c573;Agency-Collaborator-1f0f9050687a4c69b82c2ad25bea34e6;Application-4a6ff18cc4cc42bb8e4ab95157233487;;;80d3cceaf60c491c9380cc07f63b99a8,a37139b96ea448588075ceccf988a2c9
No;Reset Password;Réinitialiser le mot de passe;Critical,High;Access-Account-67d66a0d710d4246affbd2e71a832ef5, Access-SaaS-Account-d4f885122c09491ba65d08dd172a36b5;Agency-App-9d35b96d2bc140f8be04d78bf249c573;Agency-Collaborator-1f0f9050687a4c69b82c2ad25bea34e6;User-bf889e3166d74034baf629bfcc86f6f6;;;80d3cceaf60c491c9380cc07f63b99a8,a37139b96ea448588075ceccf988a2c9
No;Trigger an email for booking selection to Applicants on waiting list;Déclencher un email pour la sélection de vistie aux candidats sur la liste d'attente;Critical,High;Manage-FlatGuide-Visits-18c3ee43a79b4145a31ccde6a1668ddc, Manage-SaaS-Visits-47be559e69304dd0aabf616c2123ac55;Admin-App-45413f4fa44645aa88e4681b0ece1425;CSM-Staff-9b04a1191a2e47a6bb0e00e76275e136;;;;06d960d8394a4c2a84832d0c97ea07f5,a37139b96ea448588075ceccf988a2c9
Yes;Use “Dossier Facile” to send Application Documents;"Utiliser ""Dossier Facile"" pour envoyer les documents de candidature";Critical,High;Manage-Applications-c7e8d19c87314eae88ac760916eef991, Manage-SaaS-Applications-c3a9488441eb4dbaab6be5e04342f4a0;Applicant-App-4034543ba8b3418abe7071688eadd6ed;Applicant-b3fc61ee3d294c8a983a7cce5a5ede16;Application-4a6ff18cc4cc42bb8e4ab95157233487;;;80d3cceaf60c491c9380cc07f63b99a8,a37139b96ea448588075ceccf988a2c9
No;View Application;Voir la demande;Critical,High;Manage-Applications-c7e8d19c87314eae88ac760916eef991, Manage-SaaS-Applications-c3a9488441eb4dbaab6be5e04342f4a0;Agency-App-9d35b96d2bc140f8be04d78bf249c573;Agency-Collaborator-1f0f9050687a4c69b82c2ad25bea34e6;Application-4a6ff18cc4cc42bb8e4ab95157233487;;;80d3cceaf60c491c9380cc07f63b99a8,a37139b96ea448588075ceccf988a2c9
No;View Application Details;Voir les détails de la demande;Critical,High;Manage-Applications-c7e8d19c87314eae88ac760916eef991, Manage-SaaS-Applications-c3a9488441eb4dbaab6be5e04342f4a0;Agency-App-9d35b96d2bc140f8be04d78bf249c573;Agency-Collaborator-1f0f9050687a4c69b82c2ad25bea34e6;Application-4a6ff18cc4cc42bb8e4ab95157233487;;;80d3cceaf60c491c9380cc07f63b99a8,a37139b96ea448588075ceccf988a2c9
No;View Application Documents;Voir les documents de la demande;Critical,High;Manage-Applications-c7e8d19c87314eae88ac760916eef991, Manage-SaaS-Applications-c3a9488441eb4dbaab6be5e04342f4a0;Agency-App-9d35b96d2bc140f8be04d78bf249c573;Agency-Collaborator-1f0f9050687a4c69b82c2ad25bea34e6;Application-4a6ff18cc4cc42bb8e4ab95157233487;;;80d3cceaf60c491c9380cc07f63b99a8,a37139b96ea448588075ceccf988a2c9
No;Live Chat with CSM Staff;Chat en direct avecun membre de l'équipe CSM;Critical,Light;Communicate-FlatGuide-3a7d672c46664690a579b7917ec6c5c2, Communicate-SaaS-b6ae0ba12566444387e5fff902c1b35c;Intercom-9479272b733c417a9158c324706e5610;Agency-Collaborator-1f0f9050687a4c69b82c2ad25bea34e6;;;;06d960d8394a4c2a84832d0c97ea07f5,a37139b96ea448588075ceccf988a2c9
No;Track Interactions with Customer;Suivre les interactions avec le client;Critical,Light;Communicate-FlatGuide-3a7d672c46664690a579b7917ec6c5c2, Communicate-SaaS-b6ae0ba12566444387e5fff902c1b35c;HubSpot-f18a017f3dfa4c028aeed2bd268177a5;CSM-Staff-9b04a1191a2e47a6bb0e00e76275e136;;;;06d960d8394a4c2a84832d0c97ea07f5,a37139b96ea448588075ceccf988a2c9
No;Export Properties to CSV;Exporter les biens au format CSV;Critical,Medium;Manage-Property-2798a6bbd15c45f0af4360bf457b9451, Manage-SaaS-Property-1dbd301e94454f2b9a9560c9cc796cd0;Admin-App-45413f4fa44645aa88e4681b0ece1425;CSM-Staff-9b04a1191a2e47a6bb0e00e76275e136;Property-4fb0aa4c6b594276818e3ae3e1e1cf26;;;80d3cceaf60c491c9380cc07f63b99a8,a37139b96ea448588075ceccf988a2c9
No;Import Properties automatically from CRM;Importer automatiquement les biens depuis le CRM;Critical,Medium;Manage-Property-2798a6bbd15c45f0af4360bf457b9451, Manage-SaaS-Property-1dbd301e94454f2b9a9560c9cc796cd0;Agency-App-9d35b96d2bc140f8be04d78bf249c573;Agency-Collaborator-1f0f9050687a4c69b82c2ad25bea34e6;Property-4fb0aa4c6b594276818e3ae3e1e1cf26;;;80d3cceaf60c491c9380cc07f63b99a8,a37139b96ea448588075ceccf988a2c9
No;Import Properties automatically from Ubiflow;Importer automatiquement des propriétés depuis Ubiflow;Critical,Medium;Manage-Property-2798a6bbd15c45f0af4360bf457b9451, Manage-SaaS-Property-1dbd301e94454f2b9a9560c9cc796cd0;Agency-App-9d35b96d2bc140f8be04d78bf249c573;Agency-Collaborator-1f0f9050687a4c69b82c2ad25bea34e6;Property-4fb0aa4c6b594276818e3ae3e1e1cf26;;;80d3cceaf60c491c9380cc07f63b99a8,a37139b96ea448588075ceccf988a2c9
No;List Active Properties for Customer;Lister les biens actifs du client;Critical,Medium;Manage-Property-2798a6bbd15c45f0af4360bf457b9451, Manage-SaaS-Property-1dbd301e94454f2b9a9560c9cc796cd0;Admin-App-45413f4fa44645aa88e4681b0ece1425;CSM-Staff-9b04a1191a2e47a6bb0e00e76275e136;;;;80d3cceaf60c491c9380cc07f63b99a8,a37139b96ea448588075ceccf988a2c9
No;List closed Properties;Liste des propriétés fermées;Critical,Medium;Manage-Property-2798a6bbd15c45f0af4360bf457b9451, Manage-SaaS-Property-1dbd301e94454f2b9a9560c9cc796cd0;Agency-App-9d35b96d2bc140f8be04d78bf249c573;Agency-Collaborator-1f0f9050687a4c69b82c2ad25bea34e6;Property-4fb0aa4c6b594276818e3ae3e1e1cf26;;;80d3cceaf60c491c9380cc07f63b99a8,a37139b96ea448588075ceccf988a2c9
No;List imported Properties;Liste des propriétés importées;Critical,Medium;Manage-Property-2798a6bbd15c45f0af4360bf457b9451, Manage-SaaS-Property-1dbd301e94454f2b9a9560c9cc796cd0;Agency-App-9d35b96d2bc140f8be04d78bf249c573;Agency-Collaborator-1f0f9050687a4c69b82c2ad25bea34e6;Property-4fb0aa4c6b594276818e3ae3e1e1cf26;;;80d3cceaf60c491c9380cc07f63b99a8,a37139b96ea448588075ceccf988a2c9
No;List Properties;Lister les biens;Critical,Medium;Manage-Property-2798a6bbd15c45f0af4360bf457b9451, Manage-SaaS-Property-1dbd301e94454f2b9a9560c9cc796cd0;Agency-App-9d35b96d2bc140f8be04d78bf249c573;Agency-Collaborator-1f0f9050687a4c69b82c2ad25bea34e6;Property-4fb0aa4c6b594276818e3ae3e1e1cf26;;;80d3cceaf60c491c9380cc07f63b99a8,a37139b96ea448588075ceccf988a2c9
No;Manage Application Document Gathering Options;Gérer les options de collecte des documents de candidature;Critical,Medium;Manage-Property-2798a6bbd15c45f0af4360bf457b9451, Manage-SaaS-Property-1dbd301e94454f2b9a9560c9cc796cd0;Admin-App-45413f4fa44645aa88e4681b0ece1425;CSM-Staff-9b04a1191a2e47a6bb0e00e76275e136;Property-4fb0aa4c6b594276818e3ae3e1e1cf26;;;80d3cceaf60c491c9380cc07f63b99a8,a37139b96ea448588075ceccf988a2c9
No;Manage Application Document Status;Gérer le statut du document de demande;Critical,Medium;Manage-Property-2798a6bbd15c45f0af4360bf457b9451, Manage-SaaS-Property-1dbd301e94454f2b9a9560c9cc796cd0;Agency-App-9d35b96d2bc140f8be04d78bf249c573;Agency-Collaborator-1f0f9050687a4c69b82c2ad25bea34e6;Application-4a6ff18cc4cc42bb8e4ab95157233487;;;80d3cceaf60c491c9380cc07f63b99a8,a37139b96ea448588075ceccf988a2c9
No;Manage Application Form (for custom use) for Property;Gérer le formulaire de demande (à usage personnalisé) pour les biens immobiliers;Critical,Medium;Manage-Property-2798a6bbd15c45f0af4360bf457b9451, Manage-SaaS-Property-1dbd301e94454f2b9a9560c9cc796cd0;Admin-App-45413f4fa44645aa88e4681b0ece1425;CSM-Staff-9b04a1191a2e47a6bb0e00e76275e136;Property-4fb0aa4c6b594276818e3ae3e1e1cf26;;;80d3cceaf60c491c9380cc07f63b99a8,a37139b96ea448588075ceccf988a2c9
No;Manage Delay for Keys Pickup for Property;Gérer le délai pour le ramassage des clés pour la propriété;Critical,Medium;Manage-Property-2798a6bbd15c45f0af4360bf457b9451, Manage-SaaS-Property-1dbd301e94454f2b9a9560c9cc796cd0;Admin-App-45413f4fa44645aa88e4681b0ece1425;CSM-Staff-9b04a1191a2e47a6bb0e00e76275e136;Property-4fb0aa4c6b594276818e3ae3e1e1cf26;;;80d3cceaf60c491c9380cc07f63b99a8,a37139b96ea448588075ceccf988a2c9
No;Manage Max visits per day for Property;Gérer le nombre maximum de visites par jour pour les biens;Critical,Medium;Manage-Property-2798a6bbd15c45f0af4360bf457b9451, Manage-SaaS-Property-1dbd301e94454f2b9a9560c9cc796cd0;Admin-App-45413f4fa44645aa88e4681b0ece1425;CSM-Staff-9b04a1191a2e47a6bb0e00e76275e136;Property-4fb0aa4c6b594276818e3ae3e1e1cf26;;;80d3cceaf60c491c9380cc07f63b99a8,a37139b96ea448588075ceccf988a2c9
No;Manage Peek Hours (Week and Weekend) for Property;Gérer les heures de visite (semaine et week-end) pour un bien immobilier;Critical,Medium;Manage-Property-2798a6bbd15c45f0af4360bf457b9451, Manage-SaaS-Property-1dbd301e94454f2b9a9560c9cc796cd0;Admin-App-45413f4fa44645aa88e4681b0ece1425;CSM-Staff-9b04a1191a2e47a6bb0e00e76275e136;Property-4fb0aa4c6b594276818e3ae3e1e1cf26;;;80d3cceaf60c491c9380cc07f63b99a8,a37139b96ea448588075ceccf988a2c9
No;Manually Pause Bookings for a Property;Pause manuelle des visties pour un bien;Critical,Medium;Manage-Property-2798a6bbd15c45f0af4360bf457b9451, Manage-SaaS-Property-1dbd301e94454f2b9a9560c9cc796cd0;Agency-App-9d35b96d2bc140f8be04d78bf249c573;Agency-Collaborator-1f0f9050687a4c69b82c2ad25bea34e6;Property-4fb0aa4c6b594276818e3ae3e1e1cf26;;;80d3cceaf60c491c9380cc07f63b99a8,a37139b96ea448588075ceccf988a2c9
No;Notify Applicant of Property Location 2hrs prior to Visit;Notifier au candidat l'emplacement du bien 2 heures avant la visite;Critical,Medium;Manage-Property-2798a6bbd15c45f0af4360bf457b9451, Manage-SaaS-Property-1dbd301e94454f2b9a9560c9cc796cd0;Agency-App-9d35b96d2bc140f8be04d78bf249c573;Agency-Collaborator-1f0f9050687a4c69b82c2ad25bea34e6;Property-4fb0aa4c6b594276818e3ae3e1e1cf26;;;80d3cceaf60c491c9380cc07f63b99a8,a37139b96ea448588075ceccf988a2c9
No;Reopen Property;Rouvrir un bien;Critical,Medium;Manage-Property-2798a6bbd15c45f0af4360bf457b9451, Manage-SaaS-Property-1dbd301e94454f2b9a9560c9cc796cd0;Agency-App-9d35b96d2bc140f8be04d78bf249c573;Agency-Collaborator-1f0f9050687a4c69b82c2ad25bea34e6;Property-4fb0aa4c6b594276818e3ae3e1e1cf26;;;80d3cceaf60c491c9380cc07f63b99a8,a37139b96ea448588075ceccf988a2c9
No;Search for Property;Recherche de biens;Critical,Medium;Manage-Property-2798a6bbd15c45f0af4360bf457b9451, Manage-SaaS-Property-1dbd301e94454f2b9a9560c9cc796cd0;Agency-App-9d35b96d2bc140f8be04d78bf249c573;Agency-Collaborator-1f0f9050687a4c69b82c2ad25bea34e6;Property-4fb0aa4c6b594276818e3ae3e1e1cf26;;;80d3cceaf60c491c9380cc07f63b99a8,a37139b96ea448588075ceccf988a2c9
No;Filter Visits by Agency Collaborator;Filtrer les visites par collaborateur de l'agence;High,Critical;Manage-SaaS-Visits-47be559e69304dd0aabf616c2123ac55, Manage-Visits-ed81ab4cab0b4251afa332531aaec3db;Agency-App-9d35b96d2bc140f8be04d78bf249c573;Agency-Collaborator-1f0f9050687a4c69b82c2ad25bea34e6;Booking-3f5ab6da13eb42d192d5add126bb0e92;;;a37139b96ea448588075ceccf988a2c9,80d3cceaf60c491c9380cc07f63b99a8
No;Invite Applicant to choose Booking;Inviter le candidat à choisir une vistie;High,Critical;Manage-SaaS-Visits-47be559e69304dd0aabf616c2123ac55, Manage-Visits-ed81ab4cab0b4251afa332531aaec3db;Agency-App-9d35b96d2bc140f8be04d78bf249c573;Agency-Collaborator-1f0f9050687a4c69b82c2ad25bea34e6;Booking-3f5ab6da13eb42d192d5add126bb0e92;;;a37139b96ea448588075ceccf988a2c9,80d3cceaf60c491c9380cc07f63b99a8
No;List upcoming visits (agenda style);Liste des visites à venir (style agenda);High,Critical;Manage-SaaS-Visits-47be559e69304dd0aabf616c2123ac55, Manage-Visits-ed81ab4cab0b4251afa332531aaec3db;Agency-App-9d35b96d2bc140f8be04d78bf249c573;Agency-Collaborator-1f0f9050687a4c69b82c2ad25bea34e6;Booking-3f5ab6da13eb42d192d5add126bb0e92;;;a37139b96ea448588075ceccf988a2c9,80d3cceaf60c491c9380cc07f63b99a8
No;Notify Applicant of newly created Booking;Notifier le candidat de la vistie nouvellement créée;High,Critical;Manage-SaaS-Visits-47be559e69304dd0aabf616c2123ac55, Manage-Visits-ed81ab4cab0b4251afa332531aaec3db;Agency-App-9d35b96d2bc140f8be04d78bf249c573;Agency-Collaborator-1f0f9050687a4c69b82c2ad25bea34e6;Booking-3f5ab6da13eb42d192d5add126bb0e92;;;a37139b96ea448588075ceccf988a2c9,80d3cceaf60c491c9380cc07f63b99a8
No;Notify User of Rescheduled Visit;Informer l'utilisateur de la reprogrammation de la visite;High,Critical;Manage-SaaS-Visits-47be559e69304dd0aabf616c2123ac55, Manage-Visits-ed81ab4cab0b4251afa332531aaec3db;Agency-App-9d35b96d2bc140f8be04d78bf249c573;Agency-Collaborator-1f0f9050687a4c69b82c2ad25bea34e6;Booking-3f5ab6da13eb42d192d5add126bb0e92;;;a37139b96ea448588075ceccf988a2c9,80d3cceaf60c491c9380cc07f63b99a8
No;Notify User of selection of new slot need for Rescheduled Visit;Notifier l'utilisateur de la sélection d'un nouveau créneau horaire pour la visite reprogrammée.;High,Critical;Manage-SaaS-Visits-47be559e69304dd0aabf616c2123ac55, Manage-Visits-ed81ab4cab0b4251afa332531aaec3db;Agency-App-9d35b96d2bc140f8be04d78bf249c573;Agency-Collaborator-1f0f9050687a4c69b82c2ad25bea34e6;Booking-3f5ab6da13eb42d192d5add126bb0e92;;;a37139b96ea448588075ceccf988a2c9,80d3cceaf60c491c9380cc07f63b99a8
No;Send Notification to Applicant to choose Booking;Envoyer une notification au candidat pour choisir la vistie;High,Critical;Manage-SaaS-Visits-47be559e69304dd0aabf616c2123ac55, Manage-Visits-ed81ab4cab0b4251afa332531aaec3db;System-a442820512ae45018533137327ea246b;System-e0b952212bc04e8f916b85e089411309;Booking-3f5ab6da13eb42d192d5add126bb0e92;;;a37139b96ea448588075ceccf988a2c9,80d3cceaf60c491c9380cc07f63b99a8
No;Send Notification to Applicant for Booking Request Received;Envoyer une notification au candidat pour la réception d'une demande de vistie;High,Critical;Manage-SaaS-Visits-47be559e69304dd0aabf616c2123ac55, Manage-Visits-ed81ab4cab0b4251afa332531aaec3db;System-a442820512ae45018533137327ea246b;System-e0b952212bc04e8f916b85e089411309;Booking-3f5ab6da13eb42d192d5add126bb0e92;;;a37139b96ea448588075ceccf988a2c9,80d3cceaf60c491c9380cc07f63b99a8
No;Reschedule Booking (by letting the applicant choose a slot);Reprogrammer la vistie (en laissant le candidat choisir un créneau);High,Critical;Manage-SaaS-Visits-47be559e69304dd0aabf616c2123ac55, Manage-Visits-ed81ab4cab0b4251afa332531aaec3db;Agency-App-9d35b96d2bc140f8be04d78bf249c573;Agency-Collaborator-1f0f9050687a4c69b82c2ad25bea34e6;Booking-3f5ab6da13eb42d192d5add126bb0e92;;;a37139b96ea448588075ceccf988a2c9,80d3cceaf60c491c9380cc07f63b99a8
No;Search visits (past and upcoming);Visites de recherche (passées et à venir);High,Critical;Manage-SaaS-Visits-47be559e69304dd0aabf616c2123ac55, Manage-Visits-ed81ab4cab0b4251afa332531aaec3db;Agency-App-9d35b96d2bc140f8be04d78bf249c573;Agency-Collaborator-1f0f9050687a4c69b82c2ad25bea34e6;Booking-3f5ab6da13eb42d192d5add126bb0e92;;;a37139b96ea448588075ceccf988a2c9,80d3cceaf60c491c9380cc07f63b99a8
No;Select Time Slot for Booking;Sélectionnez le créneau horaire pour la vistie;High,Critical;Manage-SaaS-Visits-47be559e69304dd0aabf616c2123ac55, Manage-Visits-ed81ab4cab0b4251afa332531aaec3db;Applicant-App-4034543ba8b3418abe7071688eadd6ed;Applicant-b3fc61ee3d294c8a983a7cce5a5ede16;Booking-3f5ab6da13eb42d192d5add126bb0e92;;;a37139b96ea448588075ceccf988a2c9,80d3cceaf60c491c9380cc07f63b99a8
No;Send Notification to Applicant to thank him for visit done;Envoyer une notification au candidat pour le remercier de la visite effectuée.;High,Critical;Manage-SaaS-Visits-47be559e69304dd0aabf616c2123ac55, Manage-Visits-ed81ab4cab0b4251afa332531aaec3db;System-a442820512ae45018533137327ea246b;System-e0b952212bc04e8f916b85e089411309;Booking-3f5ab6da13eb42d192d5add126bb0e92;;;a37139b96ea448588075ceccf988a2c9,80d3cceaf60c491c9380cc07f63b99a8
No;Send Notification to Applicant to request Feedback on Visit Done (M+10);Envoyer une notification au candidat pour lui demander un retour sur la visite effectuée (M+10);High,Critical;Manage-SaaS-Visits-47be559e69304dd0aabf616c2123ac55, Manage-Visits-ed81ab4cab0b4251afa332531aaec3db;System-a442820512ae45018533137327ea246b;System-e0b952212bc04e8f916b85e089411309;Booking-3f5ab6da13eb42d192d5add126bb0e92;;;a37139b96ea448588075ceccf988a2c9,80d3cceaf60c491c9380cc07f63b99a8
No;Send Notification to Applicant for Booking Confirmation;Envoyer une notification au candidat pour la confirmation de la vistie.;High,Critical;Manage-SaaS-Visits-47be559e69304dd0aabf616c2123ac55, Manage-Visits-ed81ab4cab0b4251afa332531aaec3db;System-a442820512ae45018533137327ea246b;System-e0b952212bc04e8f916b85e089411309;Booking-3f5ab6da13eb42d192d5add126bb0e92;;;a37139b96ea448588075ceccf988a2c9,80d3cceaf60c491c9380cc07f63b99a8
No;Co;Co;High,Critical;Manage-SaaS-Visits-47be559e69304dd0aabf616c2123ac55, Manage-Visits-ed81ab4cab0b4251afa332531aaec3db;System-a442820512ae45018533137327ea246b;System-e0b952212bc04e8f916b85e089411309;Booking-3f5ab6da13eb42d192d5add126bb0e92;;;a37139b96ea448588075ceccf988a2c9,80d3cceaf60c491c9380cc07f63b99a8
No;Send Notification to Applicant to remind of upcoming Booking (H-24);Envoyer une notification au candidat pour lui rappeler la vistie à venir (H-24);High,Critical;Manage-SaaS-Visits-47be559e69304dd0aabf616c2123ac55, Manage-Visits-ed81ab4cab0b4251afa332531aaec3db;System-a442820512ae45018533137327ea246b;System-e0b952212bc04e8f916b85e089411309;Booking-3f5ab6da13eb42d192d5add126bb0e92;;;a37139b96ea448588075ceccf988a2c9,80d3cceaf60c491c9380cc07f63b99a8
No;Send Notification to Applicant to remind of Application to be filled (J+2);Envoi d'une notification au candidat pour lui rappeler la demande à remplir (J+2);High,Critical;Manage-SaaS-Visits-47be559e69304dd0aabf616c2123ac55, Manage-Visits-ed81ab4cab0b4251afa332531aaec3db;System-a442820512ae45018533137327ea246b;System-e0b952212bc04e8f916b85e089411309;Booking-3f5ab6da13eb42d192d5add126bb0e92;;;a37139b96ea448588075ceccf988a2c9,80d3cceaf60c491c9380cc07f63b99a8
No;Send Notification to Applicant to inform of Application rejected;Envoi d'une notification au candidat pour l'informer du rejet de sa demande;High,Critical;Manage-SaaS-Visits-47be559e69304dd0aabf616c2123ac55, Manage-Visits-ed81ab4cab0b4251afa332531aaec3db;System-a442820512ae45018533137327ea246b;System-e0b952212bc04e8f916b85e089411309;Booking-3f5ab6da13eb42d192d5add126bb0e92;;;a37139b96ea448588075ceccf988a2c9,80d3cceaf60c491c9380cc07f63b99a8
No;View Bookings for a Property;Afficher les visties d'un bien;High,Critical;Manage-SaaS-Visits-47be559e69304dd0aabf616c2123ac55, Manage-Visits-ed81ab4cab0b4251afa332531aaec3db;Agency-App-9d35b96d2bc140f8be04d78bf249c573;Agency-Collaborator-1f0f9050687a4c69b82c2ad25bea34e6;Booking-3f5ab6da13eb42d192d5add126bb0e92;;;a37139b96ea448588075ceccf988a2c9,80d3cceaf60c491c9380cc07f63b99a8
No;View Upcoming Booking;Voir les visites à venir;High,Critical;Manage-SaaS-Visits-47be559e69304dd0aabf616c2123ac55, Manage-Visits-ed81ab4cab0b4251afa332531aaec3db;Applicant-App-4034543ba8b3418abe7071688eadd6ed;Applicant-b3fc61ee3d294c8a983a7cce5a5ede16;Booking-3f5ab6da13eb42d192d5add126bb0e92;;;a37139b96ea448588075ceccf988a2c9,80d3cceaf60c491c9380cc07f63b99a8
No;View Upcoming Booking;Voir les visites à venir;High,Critical;Manage-SaaS-Visits-47be559e69304dd0aabf616c2123ac55, Manage-Visits-ed81ab4cab0b4251afa332531aaec3db;Applicant-App-4034543ba8b3418abe7071688eadd6ed;Applicant-b3fc61ee3d294c8a983a7cce5a5ede16;Booking-3f5ab6da13eb42d192d5add126bb0e92;;;a37139b96ea448588075ceccf988a2c9,80d3cceaf60c491c9380cc07f63b99a8
No;Define Opening Hours;Définir les heures d'ouverture;Light,Light;Manage-Account-cc9076bca6cd4f09aa9d6ef2a15fe02a, Manage-SaaS-Account-6339ec2f4e824cdd837c865de5234008;Agency-App-9d35b96d2bc140f8be04d78bf249c573;Agency-Collaborator-1f0f9050687a4c69b82c2ad25bea34e6;Customer-893f3f582d434a19a7f602b1ea65b4d1;;;80d3cceaf60c491c9380cc07f63b99a8,a37139b96ea448588075ceccf988a2c9
No;Define Profile Details;Définir les détails du profil;Light,Light;Manage-Account-cc9076bca6cd4f09aa9d6ef2a15fe02a, Manage-SaaS-Account-6339ec2f4e824cdd837c865de5234008;Agency-App-9d35b96d2bc140f8be04d78bf249c573;Agency-Collaborator-1f0f9050687a4c69b82c2ad25bea34e6;User-bf889e3166d74034baf629bfcc86f6f6;;;80d3cceaf60c491c9380cc07f63b99a8,a37139b96ea448588075ceccf988a2c9
No;Define Profile Picture;Définir l'image du profil;Light,Light;Manage-Account-cc9076bca6cd4f09aa9d6ef2a15fe02a, Manage-SaaS-Account-6339ec2f4e824cdd837c865de5234008;Agency-App-9d35b96d2bc140f8be04d78bf249c573;Agency-Collaborator-1f0f9050687a4c69b82c2ad25bea34e6;User-bf889e3166d74034baf629bfcc86f6f6;;;80d3cceaf60c491c9380cc07f63b99a8,a37139b96ea448588075ceccf988a2c9
No;List all Agency Collaborators;Liste de tous les collaborateurs de l'agence;Light,Light;Manage-Users-97347e992fbc475780eafe19b75e1dbb, Manage-SaaS-Users-02dfa6d9f3cc41c79d11b820bd3a0ec0;Agency-App-9d35b96d2bc140f8be04d78bf249c573;Agency-Collaborator-1f0f9050687a4c69b82c2ad25bea34e6;User-bf889e3166d74034baf629bfcc86f6f6;;;80d3cceaf60c491c9380cc07f63b99a8,a37139b96ea448588075ceccf988a2c9
No;List New Agency Collaborator Sent Invitations;Liste des invitations envoyées par les collaborateurs d'une nouvelle agence;Light,Light;Manage-Users-97347e992fbc475780eafe19b75e1dbb, Manage-SaaS-Users-02dfa6d9f3cc41c79d11b820bd3a0ec0;Agency-App-9d35b96d2bc140f8be04d78bf249c573;Agency-Collaborator-1f0f9050687a4c69b82c2ad25bea34e6;User-bf889e3166d74034baf629bfcc86f6f6;;;80d3cceaf60c491c9380cc07f63b99a8,a37139b96ea448588075ceccf988a2c9
No;Manage Customer Profile and Contact info;Gestion du profil et des coordonnées du client;Light,Light;Manage-Parameters-40b5ea9ea6d54e82bfc18f67ab11a7f9, Manage-SaaS-Parameters-4a59a1d42b644fca8581360888443f3d;Admin-App-45413f4fa44645aa88e4681b0ece1425;CSM-Staff-9b04a1191a2e47a6bb0e00e76275e136;;;;80d3cceaf60c491c9380cc07f63b99a8,a37139b96ea448588075ceccf988a2c9
No;Manage Default Third Party Application Document Gathering;Gestion de la collecte par défaut des documents de demande de tiers;Light,Light;Manage-Parameters-40b5ea9ea6d54e82bfc18f67ab11a7f9, Manage-SaaS-Parameters-4a59a1d42b644fca8581360888443f3d;Admin-App-45413f4fa44645aa88e4681b0ece1425;CSM-Staff-9b04a1191a2e47a6bb0e00e76275e136;Customer-893f3f582d434a19a7f602b1ea65b4d1;;;80d3cceaf60c491c9380cc07f63b99a8,a37139b96ea448588075ceccf988a2c9
No;Request a demo;Demander une démo;Light,Light;Demo-Product-5876ed864b0c452fbc809602fcd68e47, Demo-Product-64d0053567a94ae6aeb358665f08128b;Website-6e090281586f4d628bf6178455f558a2;Visitor-2254cb84a9d745228640bf728ec81474;;;;80d3cceaf60c491c9380cc07f63b99a8,a37139b96ea448588075ceccf988a2c9
No;View Billing Information;Afficher les informations de facturation;Light,Light;Manage-SaaS-Account-6339ec2f4e824cdd837c865de5234008, Manage-Account-cc9076bca6cd4f09aa9d6ef2a15fe02a;Agency-App-9d35b96d2bc140f8be04d78bf249c573;Agency-Collaborator-1f0f9050687a4c69b82c2ad25bea34e6;Customer-893f3f582d434a19a7f602b1ea65b4d1;;;a37139b96ea448588075ceccf988a2c9,80d3cceaf60c491c9380cc07f63b99a8
No;Set Up Property Pipeline;Configurer le pipeline des propriétés;Light,Medium;Set-up-SaaS-Account-81e8b4a649a8413e9ce2abcb66b10839, Set-up-Account-8829bc7ee02c44b98b9775dab9940fb5;Admin-App-45413f4fa44645aa88e4681b0ece1425;CSM-Staff-9b04a1191a2e47a6bb0e00e76275e136;Customer-893f3f582d434a19a7f602b1ea65b4d1;;;a37139b96ea448588075ceccf988a2c9,80d3cceaf60c491c9380cc07f63b99a8
Yes;Share Customer Credentials;Partager les informations d'identification du client;Light,Medium;Set-up-SaaS-Account-81e8b4a649a8413e9ce2abcb66b10839, Set-up-Account-8829bc7ee02c44b98b9775dab9940fb5;Email-9373d25412ad49f49e76a60bf02ddaa9;CSM-Staff-9b04a1191a2e47a6bb0e00e76275e136;Customer-893f3f582d434a19a7f602b1ea65b4d1;;;a37139b96ea448588075ceccf988a2c9,80d3cceaf60c491c9380cc07f63b99a8
No;Manual Assignment of Issue to Team;Assignation manuelle d'un problème à une équipe;Light,Medium,Medium;Manage-SaaS-Issues-abafbb031ee546888dfa89278531a0ee, Manage-Issues-929ba0e6178149ec860260b891ee4022, Manage-FlatGuide-Issues-364b07b051da4076885b7c15273b4507;Intercom-9479272b733c417a9158c324706e5610;Ops-Staff-1c01b58121fd4b23901c1a4bfa539ffe;;;;a37139b96ea448588075ceccf988a2c9,80d3cceaf60c491c9380cc07f63b99a8,06d960d8394a4c2a84832d0c97ea07f5